MCS,cells,mean_component_assembled_pore,mean_component_assembly_sites,mean_component_channel_complex,mean_component_connecting_complex,mean_component_nup188_inner_ring,mean_component_nup205_inner_ring,mean_component_y_complex,mean_localization_cytoplasm,mean_localization_nuclear_envelope,stage_fraction_channel_complex,stage_fraction_connecting_complex,stage_fraction_inner_ring,stage_fraction_mature,stage_fraction_none,stage_fraction_seed,stage_fraction_y_complex_scaffold,total_component_assembled_pore,total_component_assembly_sites,total_component_channel_complex,total_component_connecting_complex,total_component_nup188_inner_ring,total_component_nup205_inner_ring,total_component_y_complex
0.0,484.0,0.0,0.0,0.0,0.0,0.0,0.0,0.0,0.0,0.0,0.0,0.0,0.0,0.0,1.0,0.0,0.0,0.0,0.0,0.0,0.0,0.0,0.0,0.0
25.0,484.0,0.0,0.0,0.0,0.0,0.0,0.0,0.0,1.0,0.0,0.0,0.0,0.0,0.0,1.0,0.0,0.0,0.0,0.0,0.0,0.0,0.0,0.0,0.0
50.0,484.0,0.0,0.0,0.0,0.0,0.0,0.0,0.0,1.0,0.0,0.0,0.0,0.0,0.0,1.0,0.0,0.0,0.0,0.0,0.0,0.0,0.0,0.0,0.0
75.0,484.0,0.0,0.0,0.0,0.0,0.0,0.0,0.0,1.0,0.0,0.0,0.0,0.0,0.0,1.0,0.0,0.0,0.0,0.0,0.0,0.0,0.0,0.0,0.0
100.0,484.0,0.0,0.0,0.0,0.0,0.0,0.0,0.0,0.9679752066115652,0.03202479338842993,0.0,0.0,0.0,0.0,1.0,0.0,0.0,0.0,0.0,0.0,0.0,0.0,0.0,0.0
125.0,484.0,0.0,0.0,0.0,0.0,0.0,0.0,0.0,0.9679752066115652,0.03202479338842993,0.0,0.0,0.0,0.0,1.0,0.0,0.0,0.0,0.0,0.0,0.0,0.0,0.0,0.0
150.0,484.0,0.0,0.0,0.0,0.0,0.0,0.0,0.0,0.9342975206611507,0.06570247933884345,0.0,0.0,0.0,0.0,1.0,0.0,0.0,0.0,0.0,0.0,0.0,0.0,0.0,0.0
175.0,484.0,0.0,0.0,0.0,0.0,0.0,0.0,0.0,0.9342975206611507,0.06570247933884345,0.0,0.0,0.0,0.0,1.0,0.0,0.0,0.0,0.0,0.0,0.0,0.0,0.0,0.0
200.0,484.0,0.0,0.0,0.0,0.0,0.0,0.0,0.0,0.9028925619834678,0.09710743801652882,0.0,0.0,0.0,0.0,1.0,0.0,0.0,0.0,0.0,0.0,0.0,0.0,0.0,0.0
225.0,484.0,0.0,0.0,0.0,0.0,0.0,0.0,0.0,0.9028925619834678,0.09710743801652882,0.0,0.0,0.0,0.0,1.0,0.0,0.0,0.0,0.0,0.0,0.0,0.0,0.0,0.0
250.0,484.0,0.0,0.0,0.0,0.0,0.0,0.0,0.0,0.8692148760330578,0.1307851239669422,0.0,0.0,0.0,0.0,1.0,0.0,0.0,0.0,0.0,0.0,0.0,0.0,0.0,0.0
275.0,484.0,0.0,0.024793388429752067,0.0,0.0,0.0,0.0,0.0,0.8692148760330578,0.1307851239669422,0.0,0.0,0.0,0.0,0.9752066115702479,0.024793388429752067,0.0,0.0,12.0,0.0,0.0,0.0,0.0,0.0
300.0,484.0,0.0,0.04132231404958678,0.0,0.0,0.0,0.0,0.03305785123966942,0.8380165289256217,0.16198347107438044,0.0,0.0,0.0,0.0,0.9586776859504132,0.04132231404958678,0.0,0.0,20.0,0.0,0.0,0.0,0.0,16.0
325.0,484.0,0.0,0.09090909090909091,0.0,0.0,0.0,0.0,0.08264462809917356,0.8380165289256217,0.16198347107438044,0.0,0.0,0.0,0.0,0.9090909090909091,0.09090909090909091,0.0,0.0,44.0,0.0,0.0,0.0,0.0,40.0
350.0,484.0,0.0,0.11983471074380166,0.0,0.0,0.0,0.0,0.14049586776859505,0.8072314049586805,0.19276859504132296,0.0,0.0,0.0,0.0,0.8801652892561983,0.11983471074380166,0.0,0.0,58.0,0.0,0.0,0.0,0.0,68.0
375.0,484.0,0.0,0.1756198347107438,0.0,0.0,0.0,0.0,0.2644628099173554,0.8072314049586805,0.19276859504132296,0.0,0.0,0.0,0.0,0.8243801652892562,0.1756198347107438,0.0,0.0,85.0,0.0,0.0,0.0,0.0,128.0
400.0,484.0,0.0,0.2334710743801653,0.0,0.0,0.0,0.0,0.4132231404958678,0.7737603305785131,0.2262396694214879,0.0,0.0,0.0,0.0,0.7665289256198347,0.2334710743801653,0.0,0.0,113.0,0.0,0.0,0.0,0.0,200.0
425.0,484.0,0.0,0.2830578512396694,0.0,0.0,0.0,0.0,0.6239669421487604,0.7737603305785131,0.2262396694214879,0.0,0.0,0.0,0.0,0.7169421487603306,0.2830578512396694,0.0,0.0,137.0,0.0,0.0,0.0,0.0,302.0
450.0,484.0,0.0,0.3512396694214876,0.0,0.0,0.0,0.0,0.8181818181818182,0.7412190082644622,0.25878099173553687,0.0,0.0,0.0,0.0,0.6487603305785123,0.3512396694214876,0.0,0.0,170.0,0.0,0.0,0.0,0.0,396.0
475.0,484.0,0.0,0.4132231404958678,0.0,0.0,0.0,0.0,1.165289256198347,0.7412190082644622,0.25878099173553687,0.0,0.0,0.0,0.0,0.5867768595041323,0.4132231404958678,0.0,0.0,200.0,0.0,0.0,0.0,0.0,564.0
500.0,484.0,0.0,0.4731404958677686,0.0,0.0,0.0,0.0,1.5289256198347108,0.7092975206611556,0.2907024793388428,0.0,0.0,0.0,0.0,0.5268595041322314,0.4731404958677686,0.0,0.0,229.0,0.0,0.0,0.0,0.0,740.0
525.0,484.0,0.0,0.5392561983471075,0.0,0.0,0.0,0.0,1.93801652892562,0.7092975206611556,0.2907024793388428,0.0,0.0,0.0,0.0,0.4607438016528926,0.5392561983471075,0.0,0.0,261.0,0.0,0.0,0.0,0.0,938.0
550.0,484.0,0.0,0.5702479338842975,0.0,0.0,0.0,0.0,2.450413223140496,0.6779958677685947,0.3220041322314051,0.0,0.0,0.0,0.0,0.4297520661157025,0.5702479338842975,0.0,0.0,276.0,0.0,0.0,0.0,0.0,1186.0
575.0,484.0,0.0,0.621900826446281,0.0,0.0,0.0,0.0,2.9628099173553717,0.6779958677685947,0.3220041322314051,0.0,0.0,0.0,0.0,0.378099173553719,0.621900826446281,0.0,0.0,301.0,0.0,0.0,0.0,0.0,1434.0
600.0,484.0,0.0,0.6528925619834711,0.0,0.0,0.0,0.0,3.5371900826446283,0.6443181818181818,0.3556818181818183,0.0,0.0,0.0,0.0,0.34710743801652894,0.6487603305785123,0.004132231404958678,0.0,316.0,0.0,0.0,0.0,0.0,1712.0
625.0,484.0,0.0,0.6983471074380165,0.0,0.004132231404958678,0.0,0.0,4.144628099173554,0.6443181818181818,0.3556818181818183,0.0,0.0,0.0,0.0,0.30165289256198347,0.6921487603305785,0.006198347107438017,0.0,338.0,0.0,2.0,0.0,0.0,2006.0
650.0,484.0,0.0,0.731404958677686,0.0,0.012396694214876033,0.0,0.0,4.731404958677686,0.6114669421487601,0.3885330578512398,0.0,0.0,0.0,0.0,0.26859504132231404,0.7231404958677686,0.008264462809917356,0.0,354.0,0.0,6.0,0.0,0.0,2290.0
675.0,484.0,0.0,0.7582644628099173,0.0,0.012396694214876033,0.0,0.0,5.3347107438016526,0.6114669421487601,0.3885330578512398,0.0,0.0,0.0,0.0,0.24173553719008264,0.7396694214876033,0.01859504132231405,0.0,367.0,0.0,6.0,0.0,0.0,2582.0
700.0,484.0,0.0,0.7913223140495868,0.0,0.024793388429752067,0.0,0.0,5.954545454545454,0.5782024793388427,0.4217975206611573,0.0,0.0,0.0,0.0,0.20867768595041322,0.768595041322314,0.022727272727272728,0.0,383.0,0.0,12.0,0.0,0.0,2882.0
725.0,484.0,0.0,0.8099173553719008,0.0,0.0371900826446281,0.0,0.0,6.640495867768595,0.5782024793388427,0.4217975206611573,0.0,0.0,0.0,0.0,0.19008264462809918,0.7747933884297521,0.03512396694214876,0.0,392.0,0.0,18.0,0.0,0.0,3214.0
750.0,484.0,0.0,0.8326446280991735,0.0,0.06198347107438017,0.0,0.0,7.2809917355371905,0.5460743801652898,0.4539256198347106,0.0,0.0,0.0,0.0,0.16735537190082644,0.7768595041322314,0.05578512396694215,0.0,403.0,0.0,30.0,0.0,0.0,3524.0
775.0,484.0,0.0,0.8574380165289256,0.0,0.09504132231404959,0.0,0.0,8.012396694214877,0.5460743801652898,0.4539256198347106,0.0,0.0,0.0,0.0,0.14256198347107438,0.7789256198347108,0.07851239669421488,0.0,415.0,0.0,46.0,0.0,0.0,3878.0
800.0,484.0,0.0,0.8677685950413223,0.0,0.1446280991735537,0.0,0.0,8.698347107438016,0.5148760330578516,0.4851239669421484,0.0,0.0,0.0,0.0,0.1322314049586777,0.7665289256198347,0.1012396694214876,0.0,420.0,0.0,70.0,0.0,0.0,4210.0
825.0,484.0,0.0,0.8842975206611571,0.0,0.21487603305785125,0.0,0.0,9.206611570247935,0.5148760330578516,0.4851239669421484,0.0,0.0,0.0,0.0,0.11570247933884298,0.762396694214876,0.12190082644628099,0.0,428.0,0.0,104.0,0.0,0.0,4456.0
850.0,484.0,0.0,0.8946280991735537,0.0,0.2975206611570248,0.0,0.0,9.75206611570248,0.4827479338842975,0.5172520661157025,0.0,0.0,0.0,0.0,0.10537190082644628,0.743801652892562,0.15082644628099173,0.0,433.0,0.0,144.0,0.0,0.0,4720.0
875.0,484.0,0.0,0.9049586776859504,0.0,0.384297520661157,0.0,0.0,10.260330578512397,0.4827479338842975,0.5172520661157025,0.0,0.0,0.0,0.0,0.09504132231404959,0.7169421487603306,0.18801652892561985,0.0,438.0,0.0,186.0,0.0,0.0,4966.0
900.0,484.0,0.0,0.9152892561983471,0.0,0.4793388429752066,0.0,0.0,10.822314049586776,0.45041322314049587,0.549586776859504,0.0,0.0,0.0,0.0,0.08471074380165289,0.6900826446280992,0.22520661157024793,0.0,443.0,0.0,232.0,0.0,0.0,5238.0
925.0,484.0,0.0,0.9235537190082644,0.0,0.6074380165289256,0.0,0.0,11.305785123966942,0.45041322314049587,0.549586776859504,0.0,0.002066115702479339,0.0,0.0,0.07644628099173553,0.6466942148760331,0.27479338842975204,0.0,447.0,0.0,294.0,0.0,0.0,5472.0
950.0,484.0,0.0,0.9318181818181818,0.0,0.7272727272727273,0.0,0.0,11.731404958677686,0.41683884297520607,0.5831611570247935,0.0,0.002066115702479339,0.0,0.0,0.06818181818181818,0.6053719008264463,0.3243801652892562,0.0,451.0,0.0,352.0,0.0,0.0,5678.0
975.0,484.0,0.0,0.9462809917355371,0.0,0.9173553719008265,0.0,0.0,12.152892561983471,0.41683884297520607,0.5831611570247935,0.0,0.002066115702479339,0.0,0.0,0.05371900826446281,0.5743801652892562,0.36983471074380164,0.0,458.0,0.0,444.0,0.0,0.0,5882.0
1000.0,484.0,0.0,0.9545454545454546,0.0,1.1570247933884297,0.0,0.0,12.582644628099173,0.3860537190082643,0.6139462809917358,0.0,0.002066115702479339,0.0,0.0,0.045454545454545456,0.5475206611570248,0.4049586776859504,0.0,462.0,0.0,560.0,0.0,0.0,6090.0
1025.0,484.0,0.0,0.9607438016528925,0.0,1.43801652892562,0.0,0.0,12.90495867768595,0.3860537190082643,0.6139462809917358,0.0,0.008264462809917356,0.0,0.0,0.03925619834710744,0.5,0.4524793388429752,0.0,465.0,0.0,696.0,0.0,0.0,6246.0
1050.0,484.0,0.0,0.9648760330578512,0.004132231404958678,1.7148760330578512,0.0,0.0,13.264462809917354,0.35423553719008216,0.6457644628099177,0.0,0.008264462809917356,0.0,0.0,0.03512396694214876,0.4462809917355372,0.5103305785123967,0.0,467.0,2.0,830.0,0.0,0.0,6420.0
1075.0,484.0,0.0,0.9669421487603306,0.004132231404958678,2.020661157024793,0.0,0.0,13.586776859504132,0.35423553719008216,0.6457644628099177,0.0,0.014462809917355372,0.0,0.0,0.03305785123966942,0.40082644628099173,0.5516528925619835,0.0,468.0,2.0,978.0,0.0,0.0,6576.0
1100.0,484.0,0.0,0.9669421487603306,0.012396694214876033,2.322314049586777,0.0,0.0,13.863636363636363,0.32541322314049564,0.6745867768595053,0.0,0.01859504132231405,0.0,0.0,0.03305785123966942,0.38016528925619836,0.5681818181818182,0.0,468.0,6.0,1124.0,0.0,0.0,6710.0
1125.0,484.0,0.0,0.9669421487603306,0.01652892561983471,2.6198347107438016,0.0,0.0,14.070247933884298,0.32541322314049564,0.6745867768595053,0.0,0.024793388429752067,0.0,0.0,0.03305785123966942,0.3305785123966942,0.6115702479338843,0.0,468.0,8.0,1268.0,0.0,0.0,6810.0
1150.0,484.0,0.0,0.9710743801652892,0.0371900826446281,2.987603305785124,0.0,0.0,14.268595041322314,0.30061983471074366,0.6993801652892576,0.0,0.030991735537190084,0.0,0.0,0.028925619834710745,0.30578512396694213,0.6342975206611571,0.0,470.0,18.0,1446.0,0.0,0.0,6906.0
1175.0,484.0,0.0,0.9752066115702479,0.05371900826446281,3.3595041322314048,0.0,0.0,14.47107438016529,0.30061983471074366,0.6993801652892576,0.0,0.04132231404958678,0.0,0.0,0.024793388429752067,0.2706611570247934,0.6632231404958677,0.0,472.0,26.0,1626.0,0.0,0.0,7004.0
1200.0,484.0,0.0,0.9752066115702479,0.08677685950413223,3.768595041322314,0.0,0.0,14.652892561983471,0.2792355371900828,0.7207644628099196,0.0,0.05165289256198347,0.0,0.0,0.024793388429752067,0.23553719008264462,0.6880165289256198,0.0,472.0,42.0,1824.0,0.0,0.0,7092.0
1225.0,484.0,0.0,0.9772727272727273,0.12396694214876033,4.1735537190082646,0.0,0.0,14.797520661157025,0.2792355371900828,0.7207644628099196,0.0,0.06611570247933884,0.0,0.0,0.022727272727272728,0.2128099173553719,0.6983471074380165,0.0,473.0,60.0,2020.0,0.0,0.0,7162.0
1250.0,484.0,0.0,0.981404958677686,0.1652892561983471,4.582644628099174,0.0,0.0,14.90495867768595,0.2596074380165296,0.7403925619834736,0.0,0.0743801652892562,0.0,0.0,0.01859504132231405,0.18388429752066116,0.7231404958677686,0.0,475.0,80.0,2218.0,0.0,0.0,7214.0
1275.0,484.0,0.0,0.981404958677686,0.21487603305785125,4.975206611570248,0.0,0.0,15.016528925619834,0.2596074380165296,0.7403925619834736,0.0,0.08884297520661157,0.0,0.0,0.01859504132231405,0.16322314049586778,0.7293388429752066,0.0,475.0,104.0,2408.0,0.0,0.0,7268.0
1300.0,484.0,0.0,0.9834710743801653,0.25206611570247933,5.338842975206612,0.0,0.0,15.119834710743802,0.24411157024793476,0.7558884297520693,0.0,0.09504132231404959,0.0,0.0,0.01652892561983471,0.15702479338842976,0.731404958677686,0.0,476.0,122.0,2584.0,0.0,0.0,7318.0
1325.0,484.0,0.0,0.9855371900826446,0.30165289256198347,5.714876033057851,0.0,0.0,15.223140495867769,0.24411157024793476,0.7558884297520693,0.0,0.10950413223140495,0.0,0.0,0.014462809917355372,0.12603305785123967,0.75,0.0,477.0,146.0,2766.0,0.0,0.0,7368.0
1350.0,484.0,0.0,0.9855371900826446,0.33884297520661155,6.074380165289257,0.0,0.0,15.309917355371901,0.23192148760330683,0.7680785123966982,0.002066115702479339,0.13429752066115702,0.0,0.0,0.014462809917355372,0.11983471074380166,0.7293388429752066,0.0,477.0,164.0,2940.0,0.0,0.0,7410.0
1375.0,484.0,0.0,0.9855371900826446,0.39669421487603307,6.475206611570248,0.004132231404958678,0.004132231404958678,15.40495867768595,0.23192148760330683,0.7680785123966982,0.002066115702479339,0.16115702479338842,0.0,0.0,0.014462809917355372,0.10537190082644628,0.7169421487603306,0.0,477.0,192.0,3134.0,2.0,2.0,7456.0
1400.0,484.0,0.0,0.9917355371900827,0.47520661157024796,6.822314049586777,0.008264462809917356,0.004132231404958678,15.475206611570249,0.22128099173553842,0.7787190082644677,0.008264462809917356,0.1797520661157025,0.0,0.0,0.008264462809917356,0.09917355371900827,0.7045454545454546,0.0,480.0,230.0,3302.0,4.0,2.0,7490.0
1425.0,484.0,0.0,0.9917355371900827,0.5661157024793388,7.202479338842975,0.008264462809917356,0.004132231404958678,15.545454545454545,0.22128099173553842,0.7787190082644677,0.008264462809917356,0.19834710743801653,0.0,0.0,0.008264462809917356,0.08264462809917356,0.7024793388429752,0.0,480.0,274.0,3486.0,4.0,2.0,7524.0
1450.0,484.0,0.0,0.993801652892562,0.7024793388429752,7.615702479338843,0.008264462809917356,0.008264462809917356,15.590909090909092,0.21456611570248071,0.7854338842975263,0.010330578512396695,0.22520661157024793,0.0,0.0,0.006198347107438017,0.0743801652892562,0.6838842975206612,0.0,481.0,340.0,3686.0,4.0,4.0,7546.0
1475.0,484.0,0.0,0.9958677685950413,0.8099173553719008,7.958677685950414,0.012396694214876033,0.012396694214876033,15.652892561983471,0.21456611570248071,0.7854338842975263,0.014462809917355372,0.2665289256198347,0.0,0.0,0.004132231404958678,0.06611570247933884,0.6487603305785123,0.0,482.0,392.0,3852.0,6.0,6.0,7576.0
1500.0,484.0,0.0,0.9958677685950413,0.9669421487603306,8.318181818181818,0.01652892561983471,0.02066115702479339,15.685950413223141,0.20929752066115845,0.7907024793388487,0.01652892561983471,0.29338842975206614,0.0,0.0,0.004132231404958678,0.05578512396694215,0.6301652892561983,0.0,482.0,468.0,4026.0,8.0,10.0,7592.0
1525.0,484.0,0.0,0.9958677685950413,1.103305785123967,8.62396694214876,0.03305785123966942,0.0371900826446281,15.706611570247935,0.20929752066115845,0.7907024793388487,0.030991735537190084,0.3140495867768595,0.0,0.0,0.004132231404958678,0.049586776859504134,0.6012396694214877,0.0,482.0,534.0,4174.0,16.0,18.0,7602.0
1550.0,484.0,0.0,0.9979338842975206,1.2603305785123966,8.942148760330578,0.045454545454545456,0.05785123966942149,15.75206611570248,0.20588842975206764,0.7941115702479401,0.03305785123966942,0.3450413223140496,0.0,0.0,0.002066115702479339,0.04338842975206612,0.5764462809917356,0.0,483.0,610.0,4328.0,22.0,28.0,7624.0
1575.0,484.0,0.0,1.0,1.4132231404958677,9.181818181818182,0.05371900826446281,0.07851239669421488,15.772727272727273,0.20588842975206764,0.7941115702479401,0.0371900826446281,0.365702479338843,0.0,0.0,0.0,0.03925619834710744,0.5578512396694215,0.0,484.0,684.0,4444.0,26.0,38.0,7634.0
1600.0,484.0,0.0,1.0,1.5950413223140496,9.442148760330578,0.07024793388429752,0.08677685950413223,15.793388429752065,0.2037190082644644,0.7962809917355437,0.04338842975206612,0.39669421487603307,0.0,0.0,0.0,0.03305785123966942,0.5268595041322314,0.0,484.0,772.0,4570.0,34.0,42.0,7644.0
1625.0,484.0,0.0,1.0,1.8553719008264462,9.706611570247935,0.08677685950413223,0.10743801652892562,15.830578512396695,0.2037190082644644,0.7962809917355437,0.05578512396694215,0.4132231404958678,0.0,0.0,0.0,0.030991735537190084,0.5,0.0,484.0,898.0,4698.0,42.0,52.0,7662.0
1650.0,484.0,0.0,1.0,2.0661157024793386,9.909090909090908,0.11983471074380166,0.1322314049586777,15.859504132231406,0.20206611570248095,0.7979338842975272,0.06611570247933884,0.44008264462809915,0.0,0.0,0.0,0.028925619834710745,0.46487603305785125,0.0,484.0,1000.0,4796.0,58.0,64.0,7676.0
1675.0,484.0,0.0,1.0,2.272727272727273,10.074380165289256,0.1446280991735537,0.17355371900826447,15.884297520661157,0.20206611570248095,0.7979338842975272,0.08057851239669421,0.4628099173553719,0.0,0.0,0.0,0.028925619834710745,0.42768595041322316,0.0,484.0,1100.0,4876.0,70.0,84.0,7688.0
1700.0,484.0,0.0,1.0,2.475206611570248,10.243801652892563,0.17768595041322313,0.2231404958677686,15.909090909090908,0.20144628099173714,0.798553719008271,0.1012396694214876,0.48140495867768596,0.0,0.0,0.0,0.022727272727272728,0.39462809917355374,0.0,484.0,1198.0,4958.0,86.0,108.0,7700.0
1725.0,484.0,0.0,1.0,2.6735537190082646,10.421487603305785,0.23140495867768596,0.2603305785123967,15.913223140495868,0.20144628099173714,0.798553719008271,0.12396694214876033,0.49173553719008267,0.002066115702479339,0.0,0.0,0.01859504132231405,0.36363636363636365,0.0,484.0,1294.0,5044.0,112.0,126.0,7702.0
1750.0,484.0,0.002066115702479339,1.0,2.946280991735537,10.582644628099173,0.2768595041322314,0.3347107438016529,15.921487603305785,0.2008264462809934,0.799173553719015,0.15495867768595042,0.493801652892562,0.0,0.002066115702479339,0.0,0.01859504132231405,0.3305785123966942,1.0,484.0,1426.0,5122.0,134.0,162.0,7706.0
1775.0,484.0,0.002066115702479339,1.0,3.1487603305785123,10.74793388429752,0.36363636363636365,0.3925619834710744,15.933884297520661,0.2008264462809934,0.799173553719015,0.17768595041322313,0.49793388429752067,0.0,0.002066115702479339,0.0,0.01859504132231405,0.3037190082644628,1.0,484.0,1524.0,5202.0,176.0,190.0,7712.0
1800.0,484.0,0.002066115702479339,1.0,3.4049586776859506,10.880165289256198,0.45867768595041325,0.49586776859504134,15.938016528925619,0.20072314049586942,0.799276859504139,0.19421487603305784,0.49173553719008267,0.002066115702479339,0.002066115702479339,0.0,0.01652892561983471,0.29338842975206614,1.0,484.0,1648.0,5266.0,222.0,240.0,7714.0
1825.0,484.0,0.004132231404958678,1.0,3.677685950413223,10.983471074380166,0.5413223140495868,0.5991735537190083,15.942148760330578,0.20072314049586942,0.799276859504139,0.21487603305785125,0.49586776859504134,0.002066115702479339,0.004132231404958678,0.0,0.014462809917355372,0.26859504132231404,2.0,484.0,1780.0,5316.0,262.0,290.0,7716.0
1850.0,484.0,0.006198347107438017,1.0,3.9049586776859506,11.053719008264462,0.6198347107438017,0.7107438016528925,15.950413223140496,0.20041322314049753,0.799586776859511,0.2396694214876033,0.5041322314049587,0.0,0.006198347107438017,0.0,0.014462809917355372,0.23553719008264462,3.0,484.0,1890.0,5350.0,300.0,344.0,7720.0
1875.0,484.0,0.006198347107438017,1.0,4.161157024793388,11.152892561983471,0.7148760330578512,0.8636363636363636,15.954545454545455,0.20041322314049753,0.799586776859511,0.2603305785123967,0.5103305785123967,0.0,0.006198347107438017,0.0,0.010330578512396695,0.2128099173553719,3.0,484.0,2014.0,5398.0,346.0,418.0,7722.0
1900.0,484.0,0.006198347107438017,1.0,4.384297520661157,11.264462809917354,0.8264462809917356,0.9834710743801653,15.962809917355372,0.20010330578512567,0.799896694214883,0.2871900826446281,0.49793388429752067,0.0,0.006198347107438017,0.0,0.010330578512396695,0.19834710743801653,3.0,484.0,2122.0,5452.0,400.0,476.0,7726.0
1925.0,484.0,0.006198347107438017,1.0,4.603305785123967,11.334710743801653,0.9628099173553719,1.0950413223140496,15.97107438016529,0.20010330578512567,0.799896694214883,0.3119834710743802,0.4896694214876033,0.004132231404958678,0.006198347107438017,0.0,0.008264462809917356,0.1797520661157025,3.0,484.0,2228.0,5486.0,466.0,530.0,7730.0
1950.0,484.0,0.008264462809917356,1.0,4.855371900826446,11.433884297520661,1.103305785123967,1.2231404958677685,15.979338842975206,0.20010330578512567,0.799896694214883,0.3450413223140496,0.46487603305785125,0.004132231404958678,0.008264462809917356,0.0,0.008264462809917356,0.16942148760330578,4.0,484.0,2350.0,5534.0,534.0,592.0,7734.0
1975.0,484.0,0.008264462809917356,1.0,5.086776859504132,11.49586776859504,1.2355371900826446,1.3677685950413223,15.979338842975206,0.20010330578512567,0.799896694214883,0.3739669421487603,0.45661157024793386,0.006198347107438017,0.008264462809917356,0.0,0.008264462809917356,0.14669421487603307,4.0,484.0,2462.0,5564.0,598.0,662.0,7734.0
2000.0,484.0,0.008264462809917356,1.0,5.268595041322314,11.561983471074381,1.3512396694214877,1.524793388429752,15.987603305785123,0.20010330578512567,0.799896694214883,0.3987603305785124,0.43388429752066116,0.014462809917355372,0.008264462809917356,0.0,0.008264462809917356,0.13636363636363635,4.0,484.0,2550.0,5596.0,654.0,738.0,7738.0
2025.0,484.0,0.012396694214876033,1.0,5.487603305785124,11.603305785123966,1.5,1.7272727272727273,15.991735537190083,0.20010330578512567,0.799896694214883,0.41115702479338845,0.42768595041322316,0.014462809917355372,0.012396694214876033,0.0,0.008264462809917356,0.12603305785123967,6.0,484.0,2656.0,5616.0,726.0,836.0,7740.0
2050.0,484.0,0.012396694214876033,1.0,5.690082644628099,11.648760330578513,1.6818181818181819,1.921487603305785,16.0,0.20000000000000168,0.8000000000000069,0.4380165289256198,0.4194214876033058,0.014462809917355372,0.012396694214876033,0.0,0.008264462809917356,0.10743801652892562,6.0,484.0,2754.0,5638.0,814.0,930.0,7744.0
2075.0,484.0,0.01859504132231405,1.0,5.851239669421488,11.690082644628099,1.834710743801653,2.1322314049586777,16.0,0.20000000000000168,0.8000000000000069,0.45454545454545453,0.40082644628099173,0.02066115702479339,0.01859504132231405,0.0,0.004132231404958678,0.1012396694214876,9.0,484.0,2832.0,5658.0,888.0,1032.0,7744.0
2100.0,484.0,0.02066115702479339,1.0,6.037190082644628,11.743801652892563,1.9958677685950412,2.3181818181818183,16.0,0.20000000000000168,0.8000000000000069,0.47520661157024796,0.384297520661157,0.03305785123966942,0.02066115702479339,0.0,0.002066115702479339,0.08471074380165289,10.0,484.0,2922.0,5684.0,966.0,1122.0,7744.0
2125.0,484.0,0.030991735537190084,1.0,6.1735537190082646,11.75206611570248,2.2024793388429753,2.5,16.0,0.20000000000000168,0.8000000000000069,0.5041322314049587,0.36363636363636365,0.026859504132231406,0.030991735537190084,0.0,0.002066115702479339,0.07231404958677685,15.0,484.0,2988.0,5688.0,1066.0,1210.0,7744.0
2150.0,484.0,0.030991735537190084,1.0,6.309917355371901,11.78099173553719,2.4545454545454546,2.6983471074380163,16.0,0.20000000000000168,0.8000000000000069,0.5206611570247934,0.3409090909090909,0.03925619834710744,0.030991735537190084,0.0,0.0,0.06818181818181818,15.0,484.0,3054.0,5702.0,1188.0,1306.0,7744.0
2175.0,484.0,0.045454545454545456,1.0,6.454545454545454,11.809917355371901,2.6735537190082646,2.87603305785124,16.0,0.20000000000000168,0.8000000000000069,0.5247933884297521,0.3347107438016529,0.0371900826446281,0.045454545454545456,0.0,0.0,0.05785123966942149,22.0,484.0,3124.0,5716.0,1294.0,1392.0,7744.0
2200.0,484.0,0.05371900826446281,1.0,6.595041322314049,11.834710743801653,2.871900826446281,3.0867768595041323,16.0,0.20000000000000168,0.8000000000000069,0.5330578512396694,0.32231404958677684,0.04338842975206612,0.05371900826446281,0.0,0.0,0.047520661157024795,26.0,484.0,3192.0,5728.0,1390.0,1494.0,7744.0
2225.0,484.0,0.06611570247933884,1.0,6.764462809917355,11.863636363636363,3.103305785123967,3.3140495867768593,16.0,0.20000000000000168,0.8000000000000069,0.5454545454545454,0.3037190082644628,0.04338842975206612,0.06611570247933884,0.0,0.0,0.04132231404958678,32.0,484.0,3274.0,5742.0,1502.0,1604.0,7744.0
2250.0,484.0,0.0743801652892562,1.0,6.8884297520661155,11.900826446280991,3.28099173553719,3.4917355371900825,16.0,0.20000000000000168,0.8000000000000069,0.5495867768595041,0.2830578512396694,0.05371900826446281,0.0743801652892562,0.0,0.0,0.03925619834710744,36.0,484.0,3334.0,5760.0,1588.0,1690.0,7744.0
2275.0,484.0,0.09090909090909091,1.0,6.987603305785124,11.913223140495868,3.487603305785124,3.6942148760330578,16.0,0.20000000000000168,0.8000000000000069,0.5516528925619835,0.25826446280991733,0.05991735537190083,0.09090909090909091,0.0,0.0,0.03925619834710744,44.0,484.0,3382.0,5766.0,1688.0,1788.0,7744.0
2300.0,484.0,0.1012396694214876,1.0,7.086776859504132,11.921487603305785,3.6983471074380163,3.9297520661157024,16.0,0.20000000000000168,0.8000000000000069,0.5661157024793388,0.24586776859504134,0.05991735537190083,0.1012396694214876,0.0,0.0,0.026859504132231406,49.0,484.0,3430.0,5770.0,1790.0,1902.0,7744.0
2325.0,484.0,0.11570247933884298,1.0,7.181818181818182,11.929752066115702,3.9008264462809916,4.144628099173554,16.0,0.20000000000000168,0.8000000000000069,0.5764462809917356,0.2231404958677686,0.06198347107438017,0.11570247933884298,0.0,0.0,0.022727272727272728,56.0,484.0,3476.0,5774.0,1888.0,2006.0,7744.0
2350.0,484.0,0.13016528925619836,1.0,7.256198347107438,11.938016528925619,4.1115702479338845,4.305785123966942,16.0,0.20000000000000168,0.8000000000000069,0.5847107438016529,0.19834710743801653,0.06611570247933884,0.13016528925619836,0.0,0.0,0.02066115702479339,63.0,484.0,3512.0,5778.0,1990.0,2084.0,7744.0
2375.0,484.0,0.1487603305785124,1.0,7.3429752066115705,11.938016528925619,4.301652892561983,4.5,16.0,0.20000000000000168,0.8000000000000069,0.6053719008264463,0.17768595041322313,0.05371900826446281,0.1487603305785124,0.0,0.0,0.014462809917355372,72.0,484.0,3554.0,5778.0,2082.0,2178.0,7744.0
2400.0,484.0,0.16322314049586778,1.0,7.425619834710743,11.946280991735538,4.483471074380165,4.644628099173554,16.0,0.20000000000000168,0.8000000000000069,0.5826446280991735,0.17148760330578514,0.06818181818181818,0.16322314049586778,0.0,0.0,0.014462809917355372,79.0,484.0,3594.0,5782.0,2170.0,2248.0,7744.0
2425.0,484.0,0.18801652892561985,1.0,7.483471074380165,11.954545454545455,4.706611570247934,4.900826446280992,16.0,0.20000000000000168,0.8000000000000069,0.5785123966942148,0.15495867768595042,0.0640495867768595,0.18801652892561985,0.0,0.0,0.014462809917355372,91.0,484.0,3622.0,5786.0,2278.0,2372.0,7744.0
2450.0,484.0,0.20041322314049587,1.0,7.520661157024794,11.962809917355372,4.867768595041323,5.095041322314049,16.0,0.20000000000000168,0.8000000000000069,0.5661157024793388,0.1384297520661157,0.08264462809917356,0.20041322314049587,0.0,0.0,0.012396694214876033,97.0,484.0,3640.0,5790.0,2356.0,2466.0,7744.0
2475.0,484.0,0.21487603305785125,1.0,7.574380165289257,11.97107438016529,5.033057851239669,5.309917355371901,16.0,0.20000000000000168,0.8000000000000069,0.5599173553719008,0.128099173553719,0.08471074380165289,0.21487603305785125,0.0,0.0,0.012396694214876033,104.0,484.0,3666.0,5794.0,2436.0,2570.0,7744.0
2500.0,484.0,0.24173553719008264,1.0,7.615702479338843,11.97107438016529,5.2272727272727275,5.533057851239669,16.0,0.20000000000000168,0.8000000000000069,0.5454545454545454,0.11570247933884298,0.08471074380165289,0.24173553719008264,0.0,0.0,0.012396694214876033,117.0,484.0,3686.0,5794.0,2530.0,2678.0,7744.0
2525.0,484.0,0.256198347107438,1.0,7.648760330578512,11.975206611570249,5.400826446280992,5.714876033057851,16.0,0.20000000000000168,0.8000000000000069,0.5351239669421488,0.09917355371900827,0.09710743801652892,0.256198347107438,0.0,0.0,0.012396694214876033,124.0,484.0,3702.0,5796.0,2614.0,2766.0,7744.0
2550.0,484.0,0.2644628099173554,1.0,7.68595041322314,11.979338842975206,5.586776859504132,5.892561983471074,16.0,0.20000000000000168,0.8000000000000069,0.5165289256198347,0.09504132231404959,0.1115702479338843,0.2644628099173554,0.0,0.0,0.012396694214876033,128.0,484.0,3720.0,5798.0,2704.0,2852.0,7744.0
2575.0,484.0,0.28512396694214875,1.0,7.714876033057851,11.979338842975206,5.68595041322314,6.0578512396694215,16.0,0.20000000000000168,0.8000000000000069,0.49793388429752067,0.08677685950413223,0.11983471074380166,0.28512396694214875,0.0,0.0,0.010330578512396695,138.0,484.0,3734.0,5798.0,2752.0,2932.0,7744.0
2600.0,484.0,0.3243801652892562,1.0,7.74793388429752,11.979338842975206,5.863636363636363,6.24793388429752,16.0,0.20000000000000168,0.8000000000000069,0.4793388429752066,0.07851239669421488,0.10743801652892562,0.3243801652892562,0.0,0.0,0.010330578512396695,157.0,484.0,3750.0,5798.0,2838.0,3024.0,7744.0
2625.0,484.0,0.3512396694214876,1.0,7.7809917355371905,11.987603305785123,6.008264462809917,6.355371900826446,16.0,0.20000000000000168,0.8000000000000069,0.4628099173553719,0.06198347107438017,0.11363636363636363,0.3512396694214876,0.0,0.0,0.010330578512396695,170.0,484.0,3766.0,5802.0,2908.0,3076.0,7744.0
2650.0,484.0,0.3739669421487603,1.0,7.801652892561983,11.991735537190083,6.161157024793388,6.516528925619835,16.0,0.20000000000000168,0.8000000000000069,0.4380165289256198,0.05785123966942149,0.11983471074380166,0.3739669421487603,0.0,0.0,0.010330578512396695,181.0,484.0,3776.0,5804.0,2982.0,3154.0,7744.0
2675.0,484.0,0.39462809917355374,1.0,7.81404958677686,11.991735537190083,6.2727272727272725,6.644628099173554,16.0,0.20000000000000168,0.8000000000000069,0.42768595041322316,0.05578512396694215,0.11363636363636363,0.39462809917355374,0.0,0.0,0.008264462809917356,191.0,484.0,3782.0,5804.0,3036.0,3216.0,7744.0
2700.0,484.0,0.42768595041322316,1.0,7.818181818181818,11.99586776859504,6.400826446280992,6.743801652892562,16.0,0.20000000000000168,0.8000000000000069,0.4132231404958678,0.03925619834710744,0.1115702479338843,0.42768595041322316,0.0,0.0,0.008264462809917356,207.0,484.0,3784.0,5806.0,3098.0,3264.0,7744.0
2725.0,484.0,0.4524793388429752,1.0,7.822314049586777,11.99586776859504,6.574380165289257,6.818181818181818,16.0,0.20000000000000168,0.8000000000000069,0.390495867768595,0.03305785123966942,0.11570247933884298,0.4524793388429752,0.0,0.0,0.008264462809917356,219.0,484.0,3786.0,5806.0,3182.0,3300.0,7744.0
2750.0,484.0,0.4793388429752066,1.0,7.8347107438016526,11.99586776859504,6.68595041322314,6.900826446280992,16.0,0.20000000000000168,0.8000000000000069,0.3677685950413223,0.03305785123966942,0.11363636363636363,0.4793388429752066,0.0,0.0,0.006198347107438017,232.0,484.0,3792.0,5806.0,3236.0,3340.0,7744.0
2775.0,484.0,0.5020661157024794,1.0,7.8429752066115705,11.99586776859504,6.797520661157025,6.975206611570248,16.0,0.20000000000000168,0.8000000000000069,0.3450413223140496,0.03305785123966942,0.11570247933884298,0.5020661157024794,0.0,0.0,0.004132231404958678,243.0,484.0,3796.0,5806.0,3290.0,3376.0,7744.0
2800.0,484.0,0.518595041322314,1.0,7.859504132231405,11.99586776859504,6.921487603305785,7.086776859504132,16.0,0.20000000000000168,0.8000000000000069,0.3202479338842975,0.030991735537190084,0.128099173553719,0.518595041322314,0.0,0.0,0.002066115702479339,251.0,484.0,3804.0,5806.0,3350.0,3430.0,7744.0
2825.0,484.0,0.5454545454545454,1.0,7.87603305785124,12.0,6.991735537190083,7.1735537190082646,16.0,0.20000000000000168,0.8000000000000069,0.28512396694214875,0.030991735537190084,0.13636363636363635,0.5454545454545454,0.0,0.0,0.002066115702479339,264.0,484.0,3812.0,5808.0,3384.0,3472.0,7744.0
2850.0,484.0,0.5743801652892562,1.0,7.8884297520661155,12.0,7.066115702479339,7.2272727272727275,16.0,0.20000000000000168,0.8000000000000069,0.26239669421487605,0.03305785123966942,0.13016528925619836,0.5743801652892562,0.0,0.0,0.0,278.0,484.0,3818.0,5808.0,3420.0,3498.0,7744.0
2875.0,484.0,0.6074380165289256,1.0,7.909090909090909,12.0,7.177685950413223,7.293388429752066,16.0,0.20000000000000168,0.8000000000000069,0.25413223140495866,0.030991735537190084,0.10743801652892562,0.6074380165289256,0.0,0.0,0.0,294.0,484.0,3828.0,5808.0,3474.0,3530.0,7744.0
2900.0,484.0,0.6342975206611571,1.0,7.925619834710743,12.0,7.190082644628099,7.330578512396694,16.0,0.20000000000000168,0.8000000000000069,0.24173553719008264,0.024793388429752067,0.09917355371900827,0.6342975206611571,0.0,0.0,0.0,307.0,484.0,3836.0,5808.0,3480.0,3548.0,7744.0
2925.0,484.0,0.6466942148760331,1.0,7.9421487603305785,12.0,7.276859504132231,7.396694214876033,16.0,0.20000000000000168,0.8000000000000069,0.22933884297520662,0.024793388429752067,0.09917355371900827,0.6466942148760331,0.0,0.0,0.0,313.0,484.0,3844.0,5808.0,3522.0,3580.0,7744.0
2950.0,484.0,0.6611570247933884,1.0,7.950413223140496,12.0,7.3347107438016526,7.4421487603305785,16.0,0.20000000000000168,0.8000000000000069,0.20867768595041322,0.022727272727272728,0.10743801652892562,0.6611570247933884,0.0,0.0,0.0,320.0,484.0,3848.0,5808.0,3550.0,3602.0,7744.0
2975.0,484.0,0.6818181818181818,1.0,7.954545454545454,12.0,7.392561983471074,7.491735537190083,16.0,0.20000000000000168,0.8000000000000069,0.19421487603305784,0.02066115702479339,0.10330578512396695,0.6818181818181818,0.0,0.0,0.0,330.0,484.0,3850.0,5808.0,3578.0,3626.0,7744.0
3000.0,484.0,0.7086776859504132,1.0,7.962809917355372,12.0,7.458677685950414,7.549586776859504,16.0,0.20000000000000168,0.8000000000000069,0.18181818181818182,0.02066115702479339,0.08884297520661157,0.7086776859504132,0.0,0.0,0.0,343.0,484.0,3854.0,5808.0,3610.0,3654.0,7744.0
3025.0,484.0,0.7272727272727273,1.0,7.966942148760331,12.0,7.491735537190083,7.582644628099174,16.0,0.20000000000000168,0.8000000000000069,0.16322314049586778,0.01652892561983471,0.09297520661157024,0.7272727272727273,0.0,0.0,0.0,352.0,484.0,3856.0,5808.0,3626.0,3670.0,7744.0
3050.0,484.0,0.743801652892562,1.0,7.971074380165289,12.0,7.537190082644628,7.615702479338843,16.0,0.20000000000000168,0.8000000000000069,0.1590909090909091,0.012396694214876033,0.08471074380165289,0.743801652892562,0.0,0.0,0.0,360.0,484.0,3858.0,5808.0,3648.0,3686.0,7744.0
3075.0,484.0,0.7603305785123967,1.0,7.971074380165289,12.0,7.607438016528926,7.661157024793388,16.0,0.20000000000000168,0.8000000000000069,0.1446280991735537,0.010330578512396695,0.08471074380165289,0.7603305785123967,0.0,0.0,0.0,368.0,484.0,3858.0,5808.0,3682.0,3708.0,7744.0
3100.0,484.0,0.7768595041322314,1.0,7.975206611570248,12.0,7.6570247933884295,7.68595041322314,16.0,0.20000000000000168,0.8000000000000069,0.1384297520661157,0.010330578512396695,0.0743801652892562,0.7768595041322314,0.0,0.0,0.0,376.0,484.0,3860.0,5808.0,3706.0,3720.0,7744.0
3125.0,484.0,0.7913223140495868,1.0,7.979338842975206,12.0,7.694214876033058,7.694214876033058,16.0,0.20000000000000168,0.8000000000000069,0.13429752066115702,0.010330578512396695,0.0640495867768595,0.7913223140495868,0.0,0.0,0.0,383.0,484.0,3862.0,5808.0,3724.0,3724.0,7744.0
3150.0,484.0,0.8099173553719008,1.0,7.979338842975206,12.0,7.735537190082645,7.7272727272727275,16.0,0.20000000000000168,0.8000000000000069,0.13016528925619836,0.008264462809917356,0.05165289256198347,0.8099173553719008,0.0,0.0,0.0,392.0,484.0,3862.0,5808.0,3744.0,3740.0,7744.0
3175.0,484.0,0.8202479338842975,1.0,7.979338842975206,12.0,7.756198347107438,7.756198347107438,16.0,0.20000000000000168,0.8000000000000069,0.11983471074380166,0.008264462809917356,0.05165289256198347,0.8202479338842975,0.0,0.0,0.0,397.0,484.0,3862.0,5808.0,3754.0,3754.0,7744.0
3200.0,484.0,0.8388429752066116,1.0,7.983471074380165,12.0,7.793388429752066,7.785123966942149,16.0,0.20000000000000168,0.8000000000000069,0.1115702479338843,0.008264462809917356,0.04132231404958678,0.8388429752066116,0.0,0.0,0.0,406.0,484.0,3864.0,5808.0,3772.0,3768.0,7744.0
3225.0,484.0,0.8429752066115702,1.0,7.991735537190083,12.0,7.8347107438016526,7.81404958677686,16.0,0.20000000000000168,0.8000000000000069,0.09504132231404959,0.008264462809917356,0.05371900826446281,0.8429752066115702,0.0,0.0,0.0,408.0,484.0,3868.0,5808.0,3792.0,3782.0,7744.0
3250.0,484.0,0.8512396694214877,1.0,7.991735537190083,12.0,7.855371900826446,7.8347107438016526,16.0,0.20000000000000168,0.8000000000000069,0.08677685950413223,0.006198347107438017,0.05578512396694215,0.8512396694214877,0.0,0.0,0.0,412.0,484.0,3868.0,5808.0,3802.0,3792.0,7744.0
3275.0,484.0,0.859504132231405,1.0,7.991735537190083,12.0,7.863636363636363,7.8429752066115705,16.0,0.20000000000000168,0.8000000000000069,0.07851239669421488,0.006198347107438017,0.05578512396694215,0.859504132231405,0.0,0.0,0.0,416.0,484.0,3868.0,5808.0,3806.0,3796.0,7744.0
3300.0,484.0,0.8760330578512396,1.0,7.991735537190083,12.0,7.880165289256198,7.855371900826446,16.0,0.20000000000000168,0.8000000000000069,0.07231404958677685,0.006198347107438017,0.045454545454545456,0.8760330578512396,0.0,0.0,0.0,424.0,484.0,3868.0,5808.0,3814.0,3802.0,7744.0
3325.0,484.0,0.8863636363636364,1.0,7.991735537190083,12.0,7.884297520661157,7.859504132231405,16.0,0.20000000000000168,0.8000000000000069,0.06611570247933884,0.006198347107438017,0.04132231404958678,0.8863636363636364,0.0,0.0,0.0,429.0,484.0,3868.0,5808.0,3816.0,3804.0,7744.0
3350.0,484.0,0.8966942148760331,1.0,7.991735537190083,12.0,7.892561983471074,7.871900826446281,16.0,0.20000000000000168,0.8000000000000069,0.05578512396694215,0.006198347107438017,0.04132231404958678,0.8966942148760331,0.0,0.0,0.0,434.0,484.0,3868.0,5808.0,3820.0,3810.0,7744.0
3375.0,484.0,0.9111570247933884,1.0,7.9958677685950414,12.0,7.904958677685951,7.884297520661157,16.0,0.20000000000000168,0.8000000000000069,0.05371900826446281,0.006198347107438017,0.028925619834710745,0.9111570247933884,0.0,0.0,0.0,441.0,484.0,3870.0,5808.0,3826.0,3816.0,7744.0
3400.0,484.0,0.9173553719008265,1.0,7.9958677685950414,12.0,7.909090909090909,7.896694214876033,16.0,0.20000000000000168,0.8000000000000069,0.05165289256198347,0.004132231404958678,0.026859504132231406,0.9173553719008265,0.0,0.0,0.0,444.0,484.0,3870.0,5808.0,3828.0,3822.0,7744.0
3425.0,484.0,0.9276859504132231,1.0,7.9958677685950414,12.0,7.913223140495868,7.909090909090909,16.0,0.20000000000000168,0.8000000000000069,0.05165289256198347,0.002066115702479339,0.01859504132231405,0.9276859504132231,0.0,0.0,0.0,449.0,484.0,3870.0,5808.0,3830.0,3828.0,7744.0
3450.0,484.0,0.9276859504132231,1.0,7.9958677685950414,12.0,7.913223140495868,7.913223140495868,16.0,0.20000000000000168,0.8000000000000069,0.03925619834710744,0.002066115702479339,0.030991735537190084,0.9276859504132231,0.0,0.0,0.0,449.0,484.0,3870.0,5808.0,3830.0,3830.0,7744.0
3475.0,484.0,0.9338842975206612,1.0,7.9958677685950414,12.0,7.917355371900826,7.917355371900826,16.0,0.20000000000000168,0.8000000000000069,0.0371900826446281,0.002066115702479339,0.026859504132231406,0.9338842975206612,0.0,0.0,0.0,452.0,484.0,3870.0,5808.0,3832.0,3832.0,7744.0
3500.0,484.0,0.9380165289256198,1.0,8.0,12.0,7.925619834710743,7.925619834710743,16.0,0.20000000000000168,0.8000000000000069,0.030991735537190084,0.002066115702479339,0.028925619834710745,0.9380165289256198,0.0,0.0,0.0,454.0,484.0,3872.0,5808.0,3836.0,3836.0,7744.0
3525.0,484.0,0.9462809917355371,1.0,8.0,12.0,7.929752066115703,7.933884297520661,16.0,0.20000000000000168,0.8000000000000069,0.028925619834710745,0.002066115702479339,0.022727272727272728,0.9462809917355371,0.0,0.0,0.0,458.0,484.0,3872.0,5808.0,3838.0,3840.0,7744.0
3550.0,484.0,0.9462809917355371,1.0,8.0,12.0,7.933884297520661,7.9421487603305785,16.0,0.20000000000000168,0.8000000000000069,0.028925619834710745,0.002066115702479339,0.022727272727272728,0.9462809917355371,0.0,0.0,0.0,458.0,484.0,3872.0,5808.0,3840.0,3844.0,7744.0
3575.0,484.0,0.9504132231404959,1.0,8.0,12.0,7.950413223140496,7.946280991735537,16.0,0.20000000000000168,0.8000000000000069,0.028925619834710745,0.0,0.02066115702479339,0.9504132231404959,0.0,0.0,0.0,460.0,484.0,3872.0,5808.0,3848.0,3846.0,7744.0
3600.0,484.0,0.9524793388429752,1.0,8.0,12.0,7.954545454545454,7.950413223140496,16.0,0.20000000000000168,0.8000000000000069,0.024793388429752067,0.0,0.022727272727272728,0.9524793388429752,0.0,0.0,0.0,461.0,484.0,3872.0,5808.0,3850.0,3848.0,7744.0
3625.0,484.0,0.9566115702479339,1.0,8.0,12.0,7.954545454545454,7.962809917355372,16.0,0.20000000000000168,0.8000000000000069,0.024793388429752067,0.0,0.01859504132231405,0.9566115702479339,0.0,0.0,0.0,463.0,484.0,3872.0,5808.0,3850.0,3854.0,7744.0
3650.0,484.0,0.9607438016528925,1.0,8.0,12.0,7.954545454545454,7.966942148760331,16.0,0.20000000000000168,0.8000000000000069,0.02066115702479339,0.0,0.01859504132231405,0.9607438016528925,0.0,0.0,0.0,465.0,484.0,3872.0,5808.0,3850.0,3856.0,7744.0
3675.0,484.0,0.96900826446281,1.0,8.0,12.0,7.958677685950414,7.971074380165289,16.0,0.20000000000000168,0.8000000000000069,0.02066115702479339,0.0,0.010330578512396695,0.96900826446281,0.0,0.0,0.0,469.0,484.0,3872.0,5808.0,3852.0,3858.0,7744.0
3700.0,484.0,0.96900826446281,1.0,8.0,12.0,7.966942148760331,7.979338842975206,16.0,0.20000000000000168,0.8000000000000069,0.01652892561983471,0.0,0.014462809917355372,0.96900826446281,0.0,0.0,0.0,469.0,484.0,3872.0,5808.0,3856.0,3862.0,7744.0
3725.0,484.0,0.96900826446281,1.0,8.0,12.0,7.971074380165289,7.987603305785124,16.0,0.20000000000000168,0.8000000000000069,0.014462809917355372,0.0,0.01652892561983471,0.96900826446281,0.0,0.0,0.0,469.0,484.0,3872.0,5808.0,3858.0,3866.0,7744.0
3750.0,484.0,0.9710743801652892,1.0,8.0,12.0,7.975206611570248,7.9958677685950414,16.0,0.20000000000000168,0.8000000000000069,0.012396694214876033,0.0,0.01652892561983471,0.9710743801652892,0.0,0.0,0.0,470.0,484.0,3872.0,5808.0,3860.0,3870.0,7744.0
3775.0,484.0,0.9731404958677686,1.0,8.0,12.0,7.979338842975206,7.9958677685950414,16.0,0.20000000000000168,0.8000000000000069,0.012396694214876033,0.0,0.014462809917355372,0.9731404958677686,0.0,0.0,0.0,471.0,484.0,3872.0,5808.0,3862.0,3870.0,7744.0
3800.0,484.0,0.9772727272727273,1.0,8.0,12.0,7.979338842975206,7.9958677685950414,16.0,0.20000000000000168,0.8000000000000069,0.012396694214876033,0.0,0.010330578512396695,0.9772727272727273,0.0,0.0,0.0,473.0,484.0,3872.0,5808.0,3862.0,3870.0,7744.0
3825.0,484.0,0.9793388429752066,1.0,8.0,12.0,7.983471074380165,7.9958677685950414,16.0,0.20000000000000168,0.8000000000000069,0.010330578512396695,0.0,0.010330578512396695,0.9793388429752066,0.0,0.0,0.0,474.0,484.0,3872.0,5808.0,3864.0,3870.0,7744.0
3850.0,484.0,0.981404958677686,1.0,8.0,12.0,7.983471074380165,8.0,16.0,0.20000000000000168,0.8000000000000069,0.008264462809917356,0.0,0.010330578512396695,0.981404958677686,0.0,0.0,0.0,475.0,484.0,3872.0,5808.0,3864.0,3872.0,7744.0
3875.0,484.0,0.9834710743801653,1.0,8.0,12.0,7.987603305785124,8.0,16.0,0.20000000000000168,0.8000000000000069,0.004132231404958678,0.0,0.012396694214876033,0.9834710743801653,0.0,0.0,0.0,476.0,484.0,3872.0,5808.0,3866.0,3872.0,7744.0
3900.0,484.0,0.9834710743801653,1.0,8.0,12.0,7.987603305785124,8.0,16.0,0.20000000000000168,0.8000000000000069,0.002066115702479339,0.0,0.014462809917355372,0.9834710743801653,0.0,0.0,0.0,476.0,484.0,3872.0,5808.0,3866.0,3872.0,7744.0
3925.0,484.0,0.9855371900826446,1.0,8.0,12.0,7.991735537190083,8.0,16.0,0.20000000000000168,0.8000000000000069,0.002066115702479339,0.0,0.012396694214876033,0.9855371900826446,0.0,0.0,0.0,477.0,484.0,3872.0,5808.0,3868.0,3872.0,7744.0
3950.0,484.0,0.9896694214876033,1.0,8.0,12.0,7.991735537190083,8.0,16.0,0.20000000000000168,0.8000000000000069,0.002066115702479339,0.0,0.008264462809917356,0.9896694214876033,0.0,0.0,0.0,479.0,484.0,3872.0,5808.0,3868.0,3872.0,7744.0
3975.0,484.0,0.9896694214876033,1.0,8.0,12.0,7.991735537190083,8.0,16.0,0.20000000000000168,0.8000000000000069,0.002066115702479339,0.0,0.008264462809917356,0.9896694214876033,0.0,0.0,0.0,479.0,484.0,3872.0,5808.0,3868.0,3872.0,7744.0
4000.0,484.0,0.9917355371900827,1.0,8.0,12.0,7.991735537190083,8.0,16.0,0.20000000000000168,0.8000000000000069,0.002066115702479339,0.0,0.006198347107438017,0.9917355371900827,0.0,0.0,0.0,480.0,484.0,3872.0,5808.0,3868.0,3872.0,7744.0
4025.0,484.0,0.9917355371900827,1.0,8.0,12.0,7.991735537190083,8.0,16.0,0.20000000000000168,0.8000000000000069,0.002066115702479339,0.0,0.006198347107438017,0.9917355371900827,0.0,0.0,0.0,480.0,484.0,3872.0,5808.0,3868.0,3872.0,7744.0
4050.0,484.0,0.9958677685950413,1.0,8.0,12.0,7.991735537190083,8.0,16.0,0.20000000000000168,0.8000000000000069,0.002066115702479339,0.0,0.002066115702479339,0.9958677685950413,0.0,0.0,0.0,482.0,484.0,3872.0,5808.0,3868.0,3872.0,7744.0
4075.0,484.0,0.9958677685950413,1.0,8.0,12.0,7.991735537190083,8.0,16.0,0.20000000000000168,0.8000000000000069,0.002066115702479339,0.0,0.002066115702479339,0.9958677685950413,0.0,0.0,0.0,482.0,484.0,3872.0,5808.0,3868.0,3872.0,7744.0
4100.0,484.0,0.9958677685950413,1.0,8.0,12.0,7.9958677685950414,8.0,16.0,0.20000000000000168,0.8000000000000069,0.002066115702479339,0.0,0.002066115702479339,0.9958677685950413,0.0,0.0,0.0,482.0,484.0,3872.0,5808.0,3870.0,3872.0,7744.0
4125.0,484.0,0.9958677685950413,1.0,8.0,12.0,7.9958677685950414,8.0,16.0,0.20000000000000168,0.8000000000000069,0.002066115702479339,0.0,0.002066115702479339,0.9958677685950413,0.0,0.0,0.0,482.0,484.0,3872.0,5808.0,3870.0,3872.0,7744.0
4150.0,484.0,0.9979338842975206,1.0,8.0,12.0,7.9958677685950414,8.0,16.0,0.20000000000000168,0.8000000000000069,0.002066115702479339,0.0,0.0,0.9979338842975206,0.0,0.0,0.0,483.0,484.0,3872.0,5808.0,3870.0,3872.0,7744.0
4175.0,484.0,0.9979338842975206,1.0,8.0,12.0,7.9958677685950414,8.0,16.0,0.20000000000000168,0.8000000000000069,0.002066115702479339,0.0,0.0,0.9979338842975206,0.0,0.0,0.0,483.0,484.0,3872.0,5808.0,3870.0,3872.0,7744.0
4200.0,484.0,0.9979338842975206,1.0,8.0,12.0,7.9958677685950414,8.0,16.0,0.20000000000000168,0.8000000000000069,0.002066115702479339,0.0,0.0,0.9979338842975206,0.0,0.0,0.0,483.0,484.0,3872.0,5808.0,3870.0,3872.0,7744.0
4225.0,484.0,0.9979338842975206,1.0,8.0,12.0,7.9958677685950414,8.0,16.0,0.20000000000000168,0.8000000000000069,0.002066115702479339,0.0,0.0,0.9979338842975206,0.0,0.0,0.0,483.0,484.0,3872.0,5808.0,3870.0,3872.0,7744.0
4250.0,484.0,0.9979338842975206,1.0,8.0,12.0,7.9958677685950414,8.0,16.0,0.20000000000000168,0.8000000000000069,0.002066115702479339,0.0,0.0,0.9979338842975206,0.0,0.0,0.0,483.0,484.0,3872.0,5808.0,3870.0,3872.0,7744.0
4275.0,484.0,0.9979338842975206,1.0,8.0,12.0,8.0,8.0,16.0,0.20000000000000168,0.8000000000000069,0.002066115702479339,0.0,0.0,0.9979338842975206,0.0,0.0,0.0,483.0,484.0,3872.0,5808.0,3872.0,3872.0,7744.0
4300.0,484.0,0.9979338842975206,1.0,8.0,12.0,8.0,8.0,16.0,0.20000000000000168,0.8000000000000069,0.0,0.0,0.002066115702479339,0.9979338842975206,0.0,0.0,0.0,483.0,484.0,3872.0,5808.0,3872.0,3872.0,7744.0
4325.0,484.0,0.9979338842975206,1.0,8.0,12.0,8.0,8.0,16.0,0.20000000000000168,0.8000000000000069,0.0,0.0,0.002066115702479339,0.9979338842975206,0.0,0.0,0.0,483.0,484.0,3872.0,5808.0,3872.0,3872.0,7744.0
4350.0,484.0,1.0,1.0,8.0,12.0,8.0,8.0,16.0,0.20000000000000168,0.8000000000000069,0.0,0.0,0.0,1.0,0.0,0.0,0.0,484.0,484.0,3872.0,5808.0,3872.0,3872.0,7744.0
4375.0,484.0,1.0,1.0,8.0,12.0,8.0,8.0,16.0,0.20000000000000168,0.8000000000000069,0.0,0.0,0.0,1.0,0.0,0.0,0.0,484.0,484.0,3872.0,5808.0,3872.0,3872.0,7744.0
4400.0,484.0,1.0,1.0,8.0,12.0,8.0,8.0,16.0,0.20000000000000168,0.8000000000000069,0.0,0.0,0.0,1.0,0.0,0.0,0.0,484.0,484.0,3872.0,5808.0,3872.0,3872.0,7744.0
4425.0,484.0,1.0,1.0,8.0,12.0,8.0,8.0,16.0,0.20000000000000168,0.8000000000000069,0.0,0.0,0.0,1.0,0.0,0.0,0.0,484.0,484.0,3872.0,5808.0,3872.0,3872.0,7744.0
4450.0,484.0,1.0,1.0,8.0,12.0,8.0,8.0,16.0,0.20000000000000168,0.8000000000000069,0.0,0.0,0.0,1.0,0.0,0.0,0.0,484.0,484.0,3872.0,5808.0,3872.0,3872.0,7744.0
4475.0,484.0,1.0,1.0,8.0,12.0,8.0,8.0,16.0,0.20000000000000168,0.8000000000000069,0.0,0.0,0.0,1.0,0.0,0.0,0.0,484.0,484.0,3872.0,5808.0,3872.0,3872.0,7744.0
4500.0,484.0,1.0,1.0,8.0,12.0,8.0,8.0,16.0,0.20000000000000168,0.8000000000000069,0.0,0.0,0.0,1.0,0.0,0.0,0.0,484.0,484.0,3872.0,5808.0,3872.0,3872.0,7744.0
4525.0,484.0,1.0,1.0,8.0,12.0,8.0,8.0,16.0,0.20000000000000168,0.8000000000000069,0.0,0.0,0.0,1.0,0.0,0.0,0.0,484.0,484.0,3872.0,5808.0,3872.0,3872.0,7744.0
4550.0,484.0,1.0,1.0,8.0,12.0,8.0,8.0,16.0,0.20000000000000168,0.8000000000000069,0.0,0.0,0.0,1.0,0.0,0.0,0.0,484.0,484.0,3872.0,5808.0,3872.0,3872.0,7744.0
4575.0,484.0,1.0,1.0,8.0,12.0,8.0,8.0,16.0,0.20000000000000168,0.8000000000000069,0.0,0.0,0.0,1.0,0.0,0.0,0.0,484.0,484.0,3872.0,5808.0,3872.0,3872.0,7744.0
4600.0,484.0,1.0,1.0,8.0,12.0,8.0,8.0,16.0,0.20000000000000168,0.8000000000000069,0.0,0.0,0.0,1.0,0.0,0.0,0.0,484.0,484.0,3872.0,5808.0,3872.0,3872.0,7744.0
4625.0,484.0,1.0,1.0,8.0,12.0,8.0,8.0,16.0,0.20000000000000168,0.8000000000000069,0.0,0.0,0.0,1.0,0.0,0.0,0.0,484.0,484.0,3872.0,5808.0,3872.0,3872.0,7744.0
4650.0,484.0,1.0,1.0,8.0,12.0,8.0,8.0,16.0,0.20000000000000168,0.8000000000000069,0.0,0.0,0.0,1.0,0.0,0.0,0.0,484.0,484.0,3872.0,5808.0,3872.0,3872.0,7744.0
4675.0,484.0,1.0,1.0,8.0,12.0,8.0,8.0,16.0,0.20000000000000168,0.8000000000000069,0.0,0.0,0.0,1.0,0.0,0.0,0.0,484.0,484.0,3872.0,5808.0,3872.0,3872.0,7744.0
4700.0,484.0,1.0,1.0,8.0,12.0,8.0,8.0,16.0,0.20000000000000168,0.8000000000000069,0.0,0.0,0.0,1.0,0.0,0.0,0.0,484.0,484.0,3872.0,5808.0,3872.0,3872.0,7744.0
4725.0,484.0,1.0,1.0,8.0,12.0,8.0,8.0,16.0,0.20000000000000168,0.8000000000000069,0.0,0.0,0.0,1.0,0.0,0.0,0.0,484.0,484.0,3872.0,5808.0,3872.0,3872.0,7744.0
4750.0,484.0,1.0,1.0,8.0,12.0,8.0,8.0,16.0,0.20000000000000168,0.8000000000000069,0.0,0.0,0.0,1.0,0.0,0.0,0.0,484.0,484.0,3872.0,5808.0,3872.0,3872.0,7744.0
4775.0,484.0,1.0,1.0,8.0,12.0,8.0,8.0,16.0,0.20000000000000168,0.8000000000000069,0.0,0.0,0.0,1.0,0.0,0.0,0.0,484.0,484.0,3872.0,5808.0,3872.0,3872.0,7744.0
4800.0,484.0,1.0,1.0,8.0,12.0,8.0,8.0,16.0,0.20000000000000168,0.8000000000000069,0.0,0.0,0.0,1.0,0.0,0.0,0.0,484.0,484.0,3872.0,5808.0,3872.0,3872.0,7744.0
4825.0,484.0,1.0,1.0,8.0,12.0,8.0,8.0,16.0,0.20000000000000168,0.8000000000000069,0.0,0.0,0.0,1.0,0.0,0.0,0.0,484.0,484.0,3872.0,5808.0,3872.0,3872.0,7744.0
4850.0,484.0,1.0,1.0,8.0,12.0,8.0,8.0,16.0,0.20000000000000168,0.8000000000000069,0.0,0.0,0.0,1.0,0.0,0.0,0.0,484.0,484.0,3872.0,5808.0,3872.0,3872.0,7744.0
4875.0,484.0,1.0,1.0,8.0,12.0,8.0,8.0,16.0,0.20000000000000168,0.8000000000000069,0.0,0.0,0.0,1.0,0.0,0.0,0.0,484.0,484.0,3872.0,5808.0,3872.0,3872.0,7744.0
4900.0,484.0,1.0,1.0,8.0,12.0,8.0,8.0,16.0,0.20000000000000168,0.8000000000000069,0.0,0.0,0.0,1.0,0.0,0.0,0.0,484.0,484.0,3872.0,5808.0,3872.0,3872.0,7744.0
4925.0,484.0,1.0,1.0,8.0,12.0,8.0,8.0,16.0,0.20000000000000168,0.8000000000000069,0.0,0.0,0.0,1.0,0.0,0.0,0.0,484.0,484.0,3872.0,5808.0,3872.0,3872.0,7744.0
4950.0,484.0,1.0,1.0,8.0,12.0,8.0,8.0,16.0,0.20000000000000168,0.8000000000000069,0.0,0.0,0.0,1.0,0.0,0.0,0.0,484.0,484.0,3872.0,5808.0,3872.0,3872.0,7744.0
4975.0,484.0,1.0,1.0,8.0,12.0,8.0,8.0,16.0,0.20000000000000168,0.8000000000000069,0.0,0.0,0.0,1.0,0.0,0.0,0.0,484.0,484.0,3872.0,5808.0,3872.0,3872.0,7744.0
5000.0,484.0,1.0,1.0,8.0,12.0,8.0,8.0,16.0,0.20000000000000168,0.8000000000000069,0.0,0.0,0.0,1.0,0.0,0.0,0.0,484.0,484.0,3872.0,5808.0,3872.0,3872.0,7744.0
5025.0,484.0,1.0,1.0,8.0,12.0,8.0,8.0,16.0,0.20000000000000168,0.8000000000000069,0.0,0.0,0.0,1.0,0.0,0.0,0.0,484.0,484.0,3872.0,5808.0,3872.0,3872.0,7744.0
5050.0,484.0,1.0,1.0,8.0,12.0,8.0,8.0,16.0,0.20000000000000168,0.8000000000000069,0.0,0.0,0.0,1.0,0.0,0.0,0.0,484.0,484.0,3872.0,5808.0,3872.0,3872.0,7744.0
5075.0,484.0,1.0,1.0,8.0,12.0,8.0,8.0,16.0,0.20000000000000168,0.8000000000000069,0.0,0.0,0.0,1.0,0.0,0.0,0.0,484.0,484.0,3872.0,5808.0,3872.0,3872.0,7744.0
5100.0,484.0,1.0,1.0,8.0,12.0,8.0,8.0,16.0,0.20000000000000168,0.8000000000000069,0.0,0.0,0.0,1.0,0.0,0.0,0.0,484.0,484.0,3872.0,5808.0,3872.0,3872.0,7744.0
5125.0,484.0,1.0,1.0,8.0,12.0,8.0,8.0,16.0,0.20000000000000168,0.8000000000000069,0.0,0.0,0.0,1.0,0.0,0.0,0.0,484.0,484.0,3872.0,5808.0,3872.0,3872.0,7744.0
5150.0,484.0,1.0,1.0,8.0,12.0,8.0,8.0,16.0,0.20000000000000168,0.8000000000000069,0.0,0.0,0.0,1.0,0.0,0.0,0.0,484.0,484.0,3872.0,5808.0,3872.0,3872.0,7744.0
5175.0,484.0,1.0,1.0,8.0,12.0,8.0,8.0,16.0,0.20000000000000168,0.8000000000000069,0.0,0.0,0.0,1.0,0.0,0.0,0.0,484.0,484.0,3872.0,5808.0,3872.0,3872.0,7744.0
5200.0,484.0,1.0,1.0,8.0,12.0,8.0,8.0,16.0,0.20000000000000168,0.8000000000000069,0.0,0.0,0.0,1.0,0.0,0.0,0.0,484.0,484.0,3872.0,5808.0,3872.0,3872.0,7744.0
5225.0,484.0,1.0,1.0,8.0,12.0,8.0,8.0,16.0,0.20000000000000168,0.8000000000000069,0.0,0.0,0.0,1.0,0.0,0.0,0.0,484.0,484.0,3872.0,5808.0,3872.0,3872.0,7744.0
5250.0,484.0,1.0,1.0,8.0,12.0,8.0,8.0,16.0,0.20000000000000168,0.8000000000000069,0.0,0.0,0.0,1.0,0.0,0.0,0.0,484.0,484.0,3872.0,5808.0,3872.0,3872.0,7744.0
5275.0,484.0,1.0,1.0,8.0,12.0,8.0,8.0,16.0,0.20000000000000168,0.8000000000000069,0.0,0.0,0.0,1.0,0.0,0.0,0.0,484.0,484.0,3872.0,5808.0,3872.0,3872.0,7744.0
5300.0,484.0,1.0,1.0,8.0,12.0,8.0,8.0,16.0,0.20000000000000168,0.8000000000000069,0.0,0.0,0.0,1.0,0.0,0.0,0.0,484.0,484.0,3872.0,5808.0,3872.0,3872.0,7744.0
5325.0,484.0,1.0,1.0,8.0,12.0,8.0,8.0,16.0,0.20000000000000168,0.8000000000000069,0.0,0.0,0.0,1.0,0.0,0.0,0.0,484.0,484.0,3872.0,5808.0,3872.0,3872.0,7744.0
5350.0,484.0,1.0,1.0,8.0,12.0,8.0,8.0,16.0,0.20000000000000168,0.8000000000000069,0.0,0.0,0.0,1.0,0.0,0.0,0.0,484.0,484.0,3872.0,5808.0,3872.0,3872.0,7744.0
5375.0,484.0,1.0,1.0,8.0,12.0,8.0,8.0,16.0,0.20000000000000168,0.8000000000000069,0.0,0.0,0.0,1.0,0.0,0.0,0.0,484.0,484.0,3872.0,5808.0,3872.0,3872.0,7744.0
5400.0,484.0,1.0,1.0,8.0,12.0,8.0,8.0,16.0,0.20000000000000168,0.8000000000000069,0.0,0.0,0.0,1.0,0.0,0.0,0.0,484.0,484.0,3872.0,5808.0,3872.0,3872.0,7744.0
5425.0,484.0,1.0,1.0,8.0,12.0,8.0,8.0,16.0,0.20000000000000168,0.8000000000000069,0.0,0.0,0.0,1.0,0.0,0.0,0.0,484.0,484.0,3872.0,5808.0,3872.0,3872.0,7744.0
5450.0,484.0,1.0,1.0,8.0,12.0,8.0,8.0,16.0,0.20000000000000168,0.8000000000000069,0.0,0.0,0.0,1.0,0.0,0.0,0.0,484.0,484.0,3872.0,5808.0,3872.0,3872.0,7744.0
5475.0,484.0,1.0,1.0,8.0,12.0,8.0,8.0,16.0,0.20000000000000168,0.8000000000000069,0.0,0.0,0.0,1.0,0.0,0.0,0.0,484.0,484.0,3872.0,5808.0,3872.0,3872.0,7744.0
5500.0,484.0,1.0,1.0,8.0,12.0,8.0,8.0,16.0,0.20000000000000168,0.8000000000000069,0.0,0.0,0.0,1.0,0.0,0.0,0.0,484.0,484.0,3872.0,5808.0,3872.0,3872.0,7744.0
5525.0,484.0,1.0,1.0,8.0,12.0,8.0,8.0,16.0,0.20000000000000168,0.8000000000000069,0.0,0.0,0.0,1.0,0.0,0.0,0.0,484.0,484.0,3872.0,5808.0,3872.0,3872.0,7744.0
5550.0,484.0,1.0,1.0,8.0,12.0,8.0,8.0,16.0,0.20000000000000168,0.8000000000000069,0.0,0.0,0.0,1.0,0.0,0.0,0.0,484.0,484.0,3872.0,5808.0,3872.0,3872.0,7744.0
5575.0,484.0,1.0,1.0,8.0,12.0,8.0,8.0,16.0,0.20000000000000168,0.8000000000000069,0.0,0.0,0.0,1.0,0.0,0.0,0.0,484.0,484.0,3872.0,5808.0,3872.0,3872.0,7744.0
5600.0,484.0,1.0,1.0,8.0,12.0,8.0,8.0,16.0,0.20000000000000168,0.8000000000000069,0.0,0.0,0.0,1.0,0.0,0.0,0.0,484.0,484.0,3872.0,5808.0,3872.0,3872.0,7744.0
5625.0,484.0,1.0,1.0,8.0,12.0,8.0,8.0,16.0,0.20000000000000168,0.8000000000000069,0.0,0.0,0.0,1.0,0.0,0.0,0.0,484.0,484.0,3872.0,5808.0,3872.0,3872.0,7744.0
5650.0,484.0,1.0,1.0,8.0,12.0,8.0,8.0,16.0,0.20000000000000168,0.8000000000000069,0.0,0.0,0.0,1.0,0.0,0.0,0.0,484.0,484.0,3872.0,5808.0,3872.0,3872.0,7744.0
5675.0,484.0,1.0,1.0,8.0,12.0,8.0,8.0,16.0,0.20000000000000168,0.8000000000000069,0.0,0.0,0.0,1.0,0.0,0.0,0.0,484.0,484.0,3872.0,5808.0,3872.0,3872.0,7744.0
5700.0,484.0,1.0,1.0,8.0,12.0,8.0,8.0,16.0,0.20000000000000168,0.8000000000000069,0.0,0.0,0.0,1.0,0.0,0.0,0.0,484.0,484.0,3872.0,5808.0,3872.0,3872.0,7744.0
5725.0,484.0,1.0,1.0,8.0,12.0,8.0,8.0,16.0,0.20000000000000168,0.8000000000000069,0.0,0.0,0.0,1.0,0.0,0.0,0.0,484.0,484.0,3872.0,5808.0,3872.0,3872.0,7744.0
5750.0,484.0,1.0,1.0,8.0,12.0,8.0,8.0,16.0,0.20000000000000168,0.8000000000000069,0.0,0.0,0.0,1.0,0.0,0.0,0.0,484.0,484.0,3872.0,5808.0,3872.0,3872.0,7744.0
5775.0,484.0,1.0,1.0,8.0,12.0,8.0,8.0,16.0,0.20000000000000168,0.8000000000000069,0.0,0.0,0.0,1.0,0.0,0.0,0.0,484.0,484.0,3872.0,5808.0,3872.0,3872.0,7744.0
5800.0,484.0,1.0,1.0,8.0,12.0,8.0,8.0,16.0,0.20000000000000168,0.8000000000000069,0.0,0.0,0.0,1.0,0.0,0.0,0.0,484.0,484.0,3872.0,5808.0,3872.0,3872.0,7744.0
5825.0,484.0,1.0,1.0,8.0,12.0,8.0,8.0,16.0,0.20000000000000168,0.8000000000000069,0.0,0.0,0.0,1.0,0.0,0.0,0.0,484.0,484.0,3872.0,5808.0,3872.0,3872.0,7744.0
5850.0,484.0,1.0,1.0,8.0,12.0,8.0,8.0,16.0,0.20000000000000168,0.8000000000000069,0.0,0.0,0.0,1.0,0.0,0.0,0.0,484.0,484.0,3872.0,5808.0,3872.0,3872.0,7744.0
5875.0,484.0,1.0,1.0,8.0,12.0,8.0,8.0,16.0,0.20000000000000168,0.8000000000000069,0.0,0.0,0.0,1.0,0.0,0.0,0.0,484.0,484.0,3872.0,5808.0,3872.0,3872.0,7744.0
5900.0,484.0,1.0,1.0,8.0,12.0,8.0,8.0,16.0,0.20000000000000168,0.8000000000000069,0.0,0.0,0.0,1.0,0.0,0.0,0.0,484.0,484.0,3872.0,5808.0,3872.0,3872.0,7744.0
5925.0,484.0,1.0,1.0,8.0,12.0,8.0,8.0,16.0,0.20000000000000168,0.8000000000000069,0.0,0.0,0.0,1.0,0.0,0.0,0.0,484.0,484.0,3872.0,5808.0,3872.0,3872.0,7744.0
5950.0,484.0,1.0,1.0,8.0,12.0,8.0,8.0,16.0,0.20000000000000168,0.8000000000000069,0.0,0.0,0.0,1.0,0.0,0.0,0.0,484.0,484.0,3872.0,5808.0,3872.0,3872.0,7744.0
5975.0,484.0,1.0,1.0,8.0,12.0,8.0,8.0,16.0,0.20000000000000168,0.8000000000000069,0.0,0.0,0.0,1.0,0.0,0.0,0.0,484.0,484.0,3872.0,5808.0,3872.0,3872.0,7744.0
6000.0,484.0,1.0,1.0,8.0,12.0,8.0,8.0,16.0,0.20000000000000168,0.8000000000000069,0.0,0.0,0.0,1.0,0.0,0.0,0.0,484.0,484.0,3872.0,5808.0,3872.0,3872.0,7744.0
6025.0,484.0,1.0,1.0,8.0,12.0,8.0,8.0,16.0,0.20000000000000168,0.8000000000000069,0.0,0.0,0.0,1.0,0.0,0.0,0.0,484.0,484.0,3872.0,5808.0,3872.0,3872.0,7744.0
6050.0,484.0,1.0,1.0,8.0,12.0,8.0,8.0,16.0,0.20000000000000168,0.8000000000000069,0.0,0.0,0.0,1.0,0.0,0.0,0.0,484.0,484.0,3872.0,5808.0,3872.0,3872.0,7744.0
6075.0,484.0,1.0,1.0,8.0,12.0,8.0,8.0,16.0,0.20000000000000168,0.8000000000000069,0.0,0.0,0.0,1.0,0.0,0.0,0.0,484.0,484.0,3872.0,5808.0,3872.0,3872.0,7744.0
6100.0,484.0,1.0,1.0,8.0,12.0,8.0,8.0,16.0,0.20000000000000168,0.8000000000000069,0.0,0.0,0.0,1.0,0.0,0.0,0.0,484.0,484.0,3872.0,5808.0,3872.0,3872.0,7744.0
6125.0,484.0,1.0,1.0,8.0,12.0,8.0,8.0,16.0,0.20000000000000168,0.8000000000000069,0.0,0.0,0.0,1.0,0.0,0.0,0.0,484.0,484.0,3872.0,5808.0,3872.0,3872.0,7744.0
6150.0,484.0,1.0,1.0,8.0,12.0,8.0,8.0,16.0,0.20000000000000168,0.8000000000000069,0.0,0.0,0.0,1.0,0.0,0.0,0.0,484.0,484.0,3872.0,5808.0,3872.0,3872.0,7744.0
6175.0,484.0,1.0,1.0,8.0,12.0,8.0,8.0,16.0,0.20000000000000168,0.8000000000000069,0.0,0.0,0.0,1.0,0.0,0.0,0.0,484.0,484.0,3872.0,5808.0,3872.0,3872.0,7744.0
6200.0,484.0,1.0,1.0,8.0,12.0,8.0,8.0,16.0,0.20000000000000168,0.8000000000000069,0.0,0.0,0.0,1.0,0.0,0.0,0.0,484.0,484.0,3872.0,5808.0,3872.0,3872.0,7744.0
6225.0,484.0,1.0,1.0,8.0,12.0,8.0,8.0,16.0,0.20000000000000168,0.8000000000000069,0.0,0.0,0.0,1.0,0.0,0.0,0.0,484.0,484.0,3872.0,5808.0,3872.0,3872.0,7744.0
6250.0,484.0,1.0,1.0,8.0,12.0,8.0,8.0,16.0,0.20000000000000168,0.8000000000000069,0.0,0.0,0.0,1.0,0.0,0.0,0.0,484.0,484.0,3872.0,5808.0,3872.0,3872.0,7744.0
6275.0,484.0,1.0,1.0,8.0,12.0,8.0,8.0,16.0,0.20000000000000168,0.8000000000000069,0.0,0.0,0.0,1.0,0.0,0.0,0.0,484.0,484.0,3872.0,5808.0,3872.0,3872.0,7744.0
6300.0,484.0,1.0,1.0,8.0,12.0,8.0,8.0,16.0,0.20000000000000168,0.8000000000000069,0.0,0.0,0.0,1.0,0.0,0.0,0.0,484.0,484.0,3872.0,5808.0,3872.0,3872.0,7744.0
6325.0,484.0,1.0,1.0,8.0,12.0,8.0,8.0,16.0,0.20000000000000168,0.8000000000000069,0.0,0.0,0.0,1.0,0.0,0.0,0.0,484.0,484.0,3872.0,5808.0,3872.0,3872.0,7744.0
6350.0,484.0,1.0,1.0,8.0,12.0,8.0,8.0,16.0,0.20000000000000168,0.8000000000000069,0.0,0.0,0.0,1.0,0.0,0.0,0.0,484.0,484.0,3872.0,5808.0,3872.0,3872.0,7744.0
6375.0,484.0,1.0,1.0,8.0,12.0,8.0,8.0,16.0,0.20000000000000168,0.8000000000000069,0.0,0.0,0.0,1.0,0.0,0.0,0.0,484.0,484.0,3872.0,5808.0,3872.0,3872.0,7744.0
6400.0,484.0,1.0,1.0,8.0,12.0,8.0,8.0,16.0,0.20000000000000168,0.8000000000000069,0.0,0.0,0.0,1.0,0.0,0.0,0.0,484.0,484.0,3872.0,5808.0,3872.0,3872.0,7744.0
6425.0,484.0,1.0,1.0,8.0,12.0,8.0,8.0,16.0,0.20000000000000168,0.8000000000000069,0.0,0.0,0.0,1.0,0.0,0.0,0.0,484.0,484.0,3872.0,5808.0,3872.0,3872.0,7744.0
6450.0,484.0,1.0,1.0,8.0,12.0,8.0,8.0,16.0,0.20000000000000168,0.8000000000000069,0.0,0.0,0.0,1.0,0.0,0.0,0.0,484.0,484.0,3872.0,5808.0,3872.0,3872.0,7744.0
6475.0,484.0,1.0,1.0,8.0,12.0,8.0,8.0,16.0,0.20000000000000168,0.8000000000000069,0.0,0.0,0.0,1.0,0.0,0.0,0.0,484.0,484.0,3872.0,5808.0,3872.0,3872.0,7744.0
6500.0,484.0,1.0,1.0,8.0,12.0,8.0,8.0,16.0,0.20000000000000168,0.8000000000000069,0.0,0.0,0.0,1.0,0.0,0.0,0.0,484.0,484.0,3872.0,5808.0,3872.0,3872.0,7744.0
6525.0,484.0,1.0,1.0,8.0,12.0,8.0,8.0,16.0,0.20000000000000168,0.8000000000000069,0.0,0.0,0.0,1.0,0.0,0.0,0.0,484.0,484.0,3872.0,5808.0,3872.0,3872.0,7744.0
6550.0,484.0,1.0,1.0,8.0,12.0,8.0,8.0,16.0,0.20000000000000168,0.8000000000000069,0.0,0.0,0.0,1.0,0.0,0.0,0.0,484.0,484.0,3872.0,5808.0,3872.0,3872.0,7744.0
6575.0,484.0,1.0,1.0,8.0,12.0,8.0,8.0,16.0,0.20000000000000168,0.8000000000000069,0.0,0.0,0.0,1.0,0.0,0.0,0.0,484.0,484.0,3872.0,5808.0,3872.0,3872.0,7744.0
6600.0,484.0,1.0,1.0,8.0,12.0,8.0,8.0,16.0,0.20000000000000168,0.8000000000000069,0.0,0.0,0.0,1.0,0.0,0.0,0.0,484.0,484.0,3872.0,5808.0,3872.0,3872.0,7744.0
6625.0,484.0,1.0,1.0,8.0,12.0,8.0,8.0,16.0,0.20000000000000168,0.8000000000000069,0.0,0.0,0.0,1.0,0.0,0.0,0.0,484.0,484.0,3872.0,5808.0,3872.0,3872.0,7744.0
6650.0,484.0,1.0,1.0,8.0,12.0,8.0,8.0,16.0,0.20000000000000168,0.8000000000000069,0.0,0.0,0.0,1.0,0.0,0.0,0.0,484.0,484.0,3872.0,5808.0,3872.0,3872.0,7744.0
6675.0,484.0,1.0,1.0,8.0,12.0,8.0,8.0,16.0,0.20000000000000168,0.8000000000000069,0.0,0.0,0.0,1.0,0.0,0.0,0.0,484.0,484.0,3872.0,5808.0,3872.0,3872.0,7744.0
6700.0,484.0,1.0,1.0,8.0,12.0,8.0,8.0,16.0,0.20000000000000168,0.8000000000000069,0.0,0.0,0.0,1.0,0.0,0.0,0.0,484.0,484.0,3872.0,5808.0,3872.0,3872.0,7744.0
6725.0,484.0,1.0,1.0,8.0,12.0,8.0,8.0,16.0,0.20000000000000168,0.8000000000000069,0.0,0.0,0.0,1.0,0.0,0.0,0.0,484.0,484.0,3872.0,5808.0,3872.0,3872.0,7744.0
6750.0,484.0,1.0,1.0,8.0,12.0,8.0,8.0,16.0,0.20000000000000168,0.8000000000000069,0.0,0.0,0.0,1.0,0.0,0.0,0.0,484.0,484.0,3872.0,5808.0,3872.0,3872.0,7744.0
6775.0,484.0,1.0,1.0,8.0,12.0,8.0,8.0,16.0,0.20000000000000168,0.8000000000000069,0.0,0.0,0.0,1.0,0.0,0.0,0.0,484.0,484.0,3872.0,5808.0,3872.0,3872.0,7744.0
6800.0,484.0,1.0,1.0,8.0,12.0,8.0,8.0,16.0,0.20000000000000168,0.8000000000000069,0.0,0.0,0.0,1.0,0.0,0.0,0.0,484.0,484.0,3872.0,5808.0,3872.0,3872.0,7744.0
6825.0,484.0,1.0,1.0,8.0,12.0,8.0,8.0,16.0,0.20000000000000168,0.8000000000000069,0.0,0.0,0.0,1.0,0.0,0.0,0.0,484.0,484.0,3872.0,5808.0,3872.0,3872.0,7744.0
6850.0,484.0,1.0,1.0,8.0,12.0,8.0,8.0,16.0,0.20000000000000168,0.8000000000000069,0.0,0.0,0.0,1.0,0.0,0.0,0.0,484.0,484.0,3872.0,5808.0,3872.0,3872.0,7744.0
6875.0,484.0,1.0,1.0,8.0,12.0,8.0,8.0,16.0,0.20000000000000168,0.8000000000000069,0.0,0.0,0.0,1.0,0.0,0.0,0.0,484.0,484.0,3872.0,5808.0,3872.0,3872.0,7744.0
6900.0,484.0,1.0,1.0,8.0,12.0,8.0,8.0,16.0,0.20000000000000168,0.8000000000000069,0.0,0.0,0.0,1.0,0.0,0.0,0.0,484.0,484.0,3872.0,5808.0,3872.0,3872.0,7744.0
6925.0,484.0,1.0,1.0,8.0,12.0,8.0,8.0,16.0,0.20000000000000168,0.8000000000000069,0.0,0.0,0.0,1.0,0.0,0.0,0.0,484.0,484.0,3872.0,5808.0,3872.0,3872.0,7744.0
6950.0,484.0,1.0,1.0,8.0,12.0,8.0,8.0,16.0,0.20000000000000168,0.8000000000000069,0.0,0.0,0.0,1.0,0.0,0.0,0.0,484.0,484.0,3872.0,5808.0,3872.0,3872.0,7744.0
6975.0,484.0,1.0,1.0,8.0,12.0,8.0,8.0,16.0,0.20000000000000168,0.8000000000000069,0.0,0.0,0.0,1.0,0.0,0.0,0.0,484.0,484.0,3872.0,5808.0,3872.0,3872.0,7744.0
7000.0,484.0,1.0,1.0,8.0,12.0,8.0,8.0,16.0,0.20000000000000168,0.8000000000000069,0.0,0.0,0.0,1.0,0.0,0.0,0.0,484.0,484.0,3872.0,5808.0,3872.0,3872.0,7744.0
7025.0,484.0,1.0,1.0,8.0,12.0,8.0,8.0,16.0,0.20000000000000168,0.8000000000000069,0.0,0.0,0.0,1.0,0.0,0.0,0.0,484.0,484.0,3872.0,5808.0,3872.0,3872.0,7744.0
7050.0,484.0,1.0,1.0,8.0,12.0,8.0,8.0,16.0,0.20000000000000168,0.8000000000000069,0.0,0.0,0.0,1.0,0.0,0.0,0.0,484.0,484.0,3872.0,5808.0,3872.0,3872.0,7744.0
7075.0,484.0,1.0,1.0,8.0,12.0,8.0,8.0,16.0,0.20000000000000168,0.8000000000000069,0.0,0.0,0.0,1.0,0.0,0.0,0.0,484.0,484.0,3872.0,5808.0,3872.0,3872.0,7744.0
7100.0,484.0,1.0,1.0,8.0,12.0,8.0,8.0,16.0,0.20000000000000168,0.8000000000000069,0.0,0.0,0.0,1.0,0.0,0.0,0.0,484.0,484.0,3872.0,5808.0,3872.0,3872.0,7744.0
7125.0,484.0,1.0,1.0,8.0,12.0,8.0,8.0,16.0,0.20000000000000168,0.8000000000000069,0.0,0.0,0.0,1.0,0.0,0.0,0.0,484.0,484.0,3872.0,5808.0,3872.0,3872.0,7744.0
7150.0,484.0,1.0,1.0,8.0,12.0,8.0,8.0,16.0,0.20000000000000168,0.8000000000000069,0.0,0.0,0.0,1.0,0.0,0.0,0.0,484.0,484.0,3872.0,5808.0,3872.0,3872.0,7744.0
7175.0,484.0,1.0,1.0,8.0,12.0,8.0,8.0,16.0,0.20000000000000168,0.8000000000000069,0.0,0.0,0.0,1.0,0.0,0.0,0.0,484.0,484.0,3872.0,5808.0,3872.0,3872.0,7744.0
7200.0,484.0,1.0,1.0,8.0,12.0,8.0,8.0,16.0,0.20000000000000168,0.8000000000000069,0.0,0.0,0.0,1.0,0.0,0.0,0.0,484.0,484.0,3872.0,5808.0,3872.0,3872.0,7744.0
7225.0,484.0,1.0,1.0,8.0,12.0,8.0,8.0,16.0,0.20000000000000168,0.8000000000000069,0.0,0.0,0.0,1.0,0.0,0.0,0.0,484.0,484.0,3872.0,5808.0,3872.0,3872.0,7744.0
7250.0,484.0,1.0,1.0,8.0,12.0,8.0,8.0,16.0,0.20000000000000168,0.8000000000000069,0.0,0.0,0.0,1.0,0.0,0.0,0.0,484.0,484.0,3872.0,5808.0,3872.0,3872.0,7744.0
7275.0,484.0,1.0,1.0,8.0,12.0,8.0,8.0,16.0,0.20000000000000168,0.8000000000000069,0.0,0.0,0.0,1.0,0.0,0.0,0.0,484.0,484.0,3872.0,5808.0,3872.0,3872.0,7744.0
7300.0,484.0,1.0,1.0,8.0,12.0,8.0,8.0,16.0,0.20000000000000168,0.8000000000000069,0.0,0.0,0.0,1.0,0.0,0.0,0.0,484.0,484.0,3872.0,5808.0,3872.0,3872.0,7744.0
7325.0,484.0,1.0,1.0,8.0,12.0,8.0,8.0,16.0,0.20000000000000168,0.8000000000000069,0.0,0.0,0.0,1.0,0.0,0.0,0.0,484.0,484.0,3872.0,5808.0,3872.0,3872.0,7744.0
7350.0,484.0,1.0,1.0,8.0,12.0,8.0,8.0,16.0,0.20000000000000168,0.8000000000000069,0.0,0.0,0.0,1.0,0.0,0.0,0.0,484.0,484.0,3872.0,5808.0,3872.0,3872.0,7744.0
7375.0,484.0,1.0,1.0,8.0,12.0,8.0,8.0,16.0,0.20000000000000168,0.8000000000000069,0.0,0.0,0.0,1.0,0.0,0.0,0.0,484.0,484.0,3872.0,5808.0,3872.0,3872.0,7744.0
7400.0,484.0,1.0,1.0,8.0,12.0,8.0,8.0,16.0,0.20000000000000168,0.8000000000000069,0.0,0.0,0.0,1.0,0.0,0.0,0.0,484.0,484.0,3872.0,5808.0,3872.0,3872.0,7744.0
7425.0,484.0,1.0,1.0,8.0,12.0,8.0,8.0,16.0,0.20000000000000168,0.8000000000000069,0.0,0.0,0.0,1.0,0.0,0.0,0.0,484.0,484.0,3872.0,5808.0,3872.0,3872.0,7744.0
7450.0,484.0,1.0,1.0,8.0,12.0,8.0,8.0,16.0,0.20000000000000168,0.8000000000000069,0.0,0.0,0.0,1.0,0.0,0.0,0.0,484.0,484.0,3872.0,5808.0,3872.0,3872.0,7744.0
7475.0,484.0,1.0,1.0,8.0,12.0,8.0,8.0,16.0,0.20000000000000168,0.8000000000000069,0.0,0.0,0.0,1.0,0.0,0.0,0.0,484.0,484.0,3872.0,5808.0,3872.0,3872.0,7744.0
7500.0,484.0,1.0,1.0,8.0,12.0,8.0,8.0,16.0,0.20000000000000168,0.8000000000000069,0.0,0.0,0.0,1.0,0.0,0.0,0.0,484.0,484.0,3872.0,5808.0,3872.0,3872.0,7744.0
7525.0,484.0,1.0,1.0,8.0,12.0,8.0,8.0,16.0,0.20000000000000168,0.8000000000000069,0.0,0.0,0.0,1.0,0.0,0.0,0.0,484.0,484.0,3872.0,5808.0,3872.0,3872.0,7744.0
7550.0,484.0,1.0,1.0,8.0,12.0,8.0,8.0,16.0,0.20000000000000168,0.8000000000000069,0.0,0.0,0.0,1.0,0.0,0.0,0.0,484.0,484.0,3872.0,5808.0,3872.0,3872.0,7744.0
7575.0,484.0,1.0,1.0,8.0,12.0,8.0,8.0,16.0,0.20000000000000168,0.8000000000000069,0.0,0.0,0.0,1.0,0.0,0.0,0.0,484.0,484.0,3872.0,5808.0,3872.0,3872.0,7744.0
7600.0,484.0,1.0,1.0,8.0,12.0,8.0,8.0,16.0,0.20000000000000168,0.8000000000000069,0.0,0.0,0.0,1.0,0.0,0.0,0.0,484.0,484.0,3872.0,5808.0,3872.0,3872.0,7744.0
7625.0,484.0,1.0,1.0,8.0,12.0,8.0,8.0,16.0,0.20000000000000168,0.8000000000000069,0.0,0.0,0.0,1.0,0.0,0.0,0.0,484.0,484.0,3872.0,5808.0,3872.0,3872.0,7744.0
7650.0,484.0,1.0,1.0,8.0,12.0,8.0,8.0,16.0,0.20000000000000168,0.8000000000000069,0.0,0.0,0.0,1.0,0.0,0.0,0.0,484.0,484.0,3872.0,5808.0,3872.0,3872.0,7744.0
7675.0,484.0,1.0,1.0,8.0,12.0,8.0,8.0,16.0,0.20000000000000168,0.8000000000000069,0.0,0.0,0.0,1.0,0.0,0.0,0.0,484.0,484.0,3872.0,5808.0,3872.0,3872.0,7744.0
7700.0,484.0,1.0,1.0,8.0,12.0,8.0,8.0,16.0,0.20000000000000168,0.8000000000000069,0.0,0.0,0.0,1.0,0.0,0.0,0.0,484.0,484.0,3872.0,5808.0,3872.0,3872.0,7744.0
7725.0,484.0,1.0,1.0,8.0,12.0,8.0,8.0,16.0,0.20000000000000168,0.8000000000000069,0.0,0.0,0.0,1.0,0.0,0.0,0.0,484.0,484.0,3872.0,5808.0,3872.0,3872.0,7744.0
7750.0,484.0,1.0,1.0,8.0,12.0,8.0,8.0,16.0,0.20000000000000168,0.8000000000000069,0.0,0.0,0.0,1.0,0.0,0.0,0.0,484.0,484.0,3872.0,5808.0,3872.0,3872.0,7744.0
7775.0,484.0,1.0,1.0,8.0,12.0,8.0,8.0,16.0,0.20000000000000168,0.8000000000000069,0.0,0.0,0.0,1.0,0.0,0.0,0.0,484.0,484.0,3872.0,5808.0,3872.0,3872.0,7744.0
7800.0,484.0,1.0,1.0,8.0,12.0,8.0,8.0,16.0,0.20000000000000168,0.8000000000000069,0.0,0.0,0.0,1.0,0.0,0.0,0.0,484.0,484.0,3872.0,5808.0,3872.0,3872.0,7744.0
7825.0,484.0,1.0,1.0,8.0,12.0,8.0,8.0,16.0,0.20000000000000168,0.8000000000000069,0.0,0.0,0.0,1.0,0.0,0.0,0.0,484.0,484.0,3872.0,5808.0,3872.0,3872.0,7744.0
7850.0,484.0,1.0,1.0,8.0,12.0,8.0,8.0,16.0,0.20000000000000168,0.8000000000000069,0.0,0.0,0.0,1.0,0.0,0.0,0.0,484.0,484.0,3872.0,5808.0,3872.0,3872.0,7744.0
7875.0,484.0,1.0,1.0,8.0,12.0,8.0,8.0,16.0,0.20000000000000168,0.8000000000000069,0.0,0.0,0.0,1.0,0.0,0.0,0.0,484.0,484.0,3872.0,5808.0,3872.0,3872.0,7744.0
7900.0,484.0,1.0,1.0,8.0,12.0,8.0,8.0,16.0,0.20000000000000168,0.8000000000000069,0.0,0.0,0.0,1.0,0.0,0.0,0.0,484.0,484.0,3872.0,5808.0,3872.0,3872.0,7744.0
7925.0,484.0,1.0,1.0,8.0,12.0,8.0,8.0,16.0,0.20000000000000168,0.8000000000000069,0.0,0.0,0.0,1.0,0.0,0.0,0.0,484.0,484.0,3872.0,5808.0,3872.0,3872.0,7744.0
7950.0,484.0,1.0,1.0,8.0,12.0,8.0,8.0,16.0,0.20000000000000168,0.8000000000000069,0.0,0.0,0.0,1.0,0.0,0.0,0.0,484.0,484.0,3872.0,5808.0,3872.0,3872.0,7744.0
7975.0,484.0,1.0,1.0,8.0,12.0,8.0,8.0,16.0,0.20000000000000168,0.8000000000000069,0.0,0.0,0.0,1.0,0.0,0.0,0.0,484.0,484.0,3872.0,5808.0,3872.0,3872.0,7744.0
8000.0,484.0,1.0,1.0,8.0,12.0,8.0,8.0,16.0,0.20000000000000168,0.8000000000000069,0.0,0.0,0.0,1.0,0.0,0.0,0.0,484.0,484.0,3872.0,5808.0,3872.0,3872.0,7744.0
8025.0,484.0,1.0,1.0,8.0,12.0,8.0,8.0,16.0,0.20000000000000168,0.8000000000000069,0.0,0.0,0.0,1.0,0.0,0.0,0.0,484.0,484.0,3872.0,5808.0,3872.0,3872.0,7744.0
8050.0,484.0,1.0,1.0,8.0,12.0,8.0,8.0,16.0,0.20000000000000168,0.8000000000000069,0.0,0.0,0.0,1.0,0.0,0.0,0.0,484.0,484.0,3872.0,5808.0,3872.0,3872.0,7744.0
8075.0,484.0,1.0,1.0,8.0,12.0,8.0,8.0,16.0,0.20000000000000168,0.8000000000000069,0.0,0.0,0.0,1.0,0.0,0.0,0.0,484.0,484.0,3872.0,5808.0,3872.0,3872.0,7744.0
8100.0,484.0,1.0,1.0,8.0,12.0,8.0,8.0,16.0,0.20000000000000168,0.8000000000000069,0.0,0.0,0.0,1.0,0.0,0.0,0.0,484.0,484.0,3872.0,5808.0,3872.0,3872.0,7744.0
8125.0,484.0,1.0,1.0,8.0,12.0,8.0,8.0,16.0,0.20000000000000168,0.8000000000000069,0.0,0.0,0.0,1.0,0.0,0.0,0.0,484.0,484.0,3872.0,5808.0,3872.0,3872.0,7744.0
8150.0,484.0,1.0,1.0,8.0,12.0,8.0,8.0,16.0,0.20000000000000168,0.8000000000000069,0.0,0.0,0.0,1.0,0.0,0.0,0.0,484.0,484.0,3872.0,5808.0,3872.0,3872.0,7744.0
8175.0,484.0,1.0,1.0,8.0,12.0,8.0,8.0,16.0,0.20000000000000168,0.8000000000000069,0.0,0.0,0.0,1.0,0.0,0.0,0.0,484.0,484.0,3872.0,5808.0,3872.0,3872.0,7744.0
8200.0,484.0,1.0,1.0,8.0,12.0,8.0,8.0,16.0,0.20000000000000168,0.8000000000000069,0.0,0.0,0.0,1.0,0.0,0.0,0.0,484.0,484.0,3872.0,5808.0,3872.0,3872.0,7744.0
8225.0,484.0,1.0,1.0,8.0,12.0,8.0,8.0,16.0,0.20000000000000168,0.8000000000000069,0.0,0.0,0.0,1.0,0.0,0.0,0.0,484.0,484.0,3872.0,5808.0,3872.0,3872.0,7744.0
8250.0,484.0,1.0,1.0,8.0,12.0,8.0,8.0,16.0,0.20000000000000168,0.8000000000000069,0.0,0.0,0.0,1.0,0.0,0.0,0.0,484.0,484.0,3872.0,5808.0,3872.0,3872.0,7744.0
8275.0,484.0,1.0,1.0,8.0,12.0,8.0,8.0,16.0,0.20000000000000168,0.8000000000000069,0.0,0.0,0.0,1.0,0.0,0.0,0.0,484.0,484.0,3872.0,5808.0,3872.0,3872.0,7744.0
8300.0,484.0,1.0,1.0,8.0,12.0,8.0,8.0,16.0,0.20000000000000168,0.8000000000000069,0.0,0.0,0.0,1.0,0.0,0.0,0.0,484.0,484.0,3872.0,5808.0,3872.0,3872.0,7744.0
8325.0,484.0,1.0,1.0,8.0,12.0,8.0,8.0,16.0,0.20000000000000168,0.8000000000000069,0.0,0.0,0.0,1.0,0.0,0.0,0.0,484.0,484.0,3872.0,5808.0,3872.0,3872.0,7744.0
8350.0,484.0,1.0,1.0,8.0,12.0,8.0,8.0,16.0,0.20000000000000168,0.8000000000000069,0.0,0.0,0.0,1.0,0.0,0.0,0.0,484.0,484.0,3872.0,5808.0,3872.0,3872.0,7744.0
8375.0,484.0,1.0,1.0,8.0,12.0,8.0,8.0,16.0,0.20000000000000168,0.8000000000000069,0.0,0.0,0.0,1.0,0.0,0.0,0.0,484.0,484.0,3872.0,5808.0,3872.0,3872.0,7744.0
8400.0,484.0,1.0,1.0,8.0,12.0,8.0,8.0,16.0,0.20000000000000168,0.8000000000000069,0.0,0.0,0.0,1.0,0.0,0.0,0.0,484.0,484.0,3872.0,5808.0,3872.0,3872.0,7744.0
8425.0,484.0,1.0,1.0,8.0,12.0,8.0,8.0,16.0,0.20000000000000168,0.8000000000000069,0.0,0.0,0.0,1.0,0.0,0.0,0.0,484.0,484.0,3872.0,5808.0,3872.0,3872.0,7744.0
8450.0,484.0,1.0,1.0,8.0,12.0,8.0,8.0,16.0,0.20000000000000168,0.8000000000000069,0.0,0.0,0.0,1.0,0.0,0.0,0.0,484.0,484.0,3872.0,5808.0,3872.0,3872.0,7744.0
8475.0,484.0,1.0,1.0,8.0,12.0,8.0,8.0,16.0,0.20000000000000168,0.8000000000000069,0.0,0.0,0.0,1.0,0.0,0.0,0.0,484.0,484.0,3872.0,5808.0,3872.0,3872.0,7744.0
8500.0,484.0,1.0,1.0,8.0,12.0,8.0,8.0,16.0,0.20000000000000168,0.8000000000000069,0.0,0.0,0.0,1.0,0.0,0.0,0.0,484.0,484.0,3872.0,5808.0,3872.0,3872.0,7744.0
8525.0,484.0,1.0,1.0,8.0,12.0,8.0,8.0,16.0,0.20000000000000168,0.8000000000000069,0.0,0.0,0.0,1.0,0.0,0.0,0.0,484.0,484.0,3872.0,5808.0,3872.0,3872.0,7744.0
8550.0,484.0,1.0,1.0,8.0,12.0,8.0,8.0,16.0,0.20000000000000168,0.8000000000000069,0.0,0.0,0.0,1.0,0.0,0.0,0.0,484.0,484.0,3872.0,5808.0,3872.0,3872.0,7744.0
8575.0,484.0,1.0,1.0,8.0,12.0,8.0,8.0,16.0,0.20000000000000168,0.8000000000000069,0.0,0.0,0.0,1.0,0.0,0.0,0.0,484.0,484.0,3872.0,5808.0,3872.0,3872.0,7744.0
8600.0,484.0,1.0,1.0,8.0,12.0,8.0,8.0,16.0,0.20000000000000168,0.8000000000000069,0.0,0.0,0.0,1.0,0.0,0.0,0.0,484.0,484.0,3872.0,5808.0,3872.0,3872.0,7744.0
8625.0,484.0,1.0,1.0,8.0,12.0,8.0,8.0,16.0,0.20000000000000168,0.8000000000000069,0.0,0.0,0.0,1.0,0.0,0.0,0.0,484.0,484.0,3872.0,5808.0,3872.0,3872.0,7744.0
8650.0,484.0,1.0,1.0,8.0,12.0,8.0,8.0,16.0,0.20000000000000168,0.8000000000000069,0.0,0.0,0.0,1.0,0.0,0.0,0.0,484.0,484.0,3872.0,5808.0,3872.0,3872.0,7744.0
8675.0,484.0,1.0,1.0,8.0,12.0,8.0,8.0,16.0,0.20000000000000168,0.8000000000000069,0.0,0.0,0.0,1.0,0.0,0.0,0.0,484.0,484.0,3872.0,5808.0,3872.0,3872.0,7744.0
8700.0,484.0,1.0,1.0,8.0,12.0,8.0,8.0,16.0,0.20000000000000168,0.8000000000000069,0.0,0.0,0.0,1.0,0.0,0.0,0.0,484.0,484.0,3872.0,5808.0,3872.0,3872.0,7744.0
8725.0,484.0,1.0,1.0,8.0,12.0,8.0,8.0,16.0,0.20000000000000168,0.8000000000000069,0.0,0.0,0.0,1.0,0.0,0.0,0.0,484.0,484.0,3872.0,5808.0,3872.0,3872.0,7744.0
8750.0,484.0,1.0,1.0,8.0,12.0,8.0,8.0,16.0,0.20000000000000168,0.8000000000000069,0.0,0.0,0.0,1.0,0.0,0.0,0.0,484.0,484.0,3872.0,5808.0,3872.0,3872.0,7744.0
8775.0,484.0,1.0,1.0,8.0,12.0,8.0,8.0,16.0,0.20000000000000168,0.8000000000000069,0.0,0.0,0.0,1.0,0.0,0.0,0.0,484.0,484.0,3872.0,5808.0,3872.0,3872.0,7744.0
8800.0,484.0,1.0,1.0,8.0,12.0,8.0,8.0,16.0,0.20000000000000168,0.8000000000000069,0.0,0.0,0.0,1.0,0.0,0.0,0.0,484.0,484.0,3872.0,5808.0,3872.0,3872.0,7744.0
8825.0,484.0,1.0,1.0,8.0,12.0,8.0,8.0,16.0,0.20000000000000168,0.8000000000000069,0.0,0.0,0.0,1.0,0.0,0.0,0.0,484.0,484.0,3872.0,5808.0,3872.0,3872.0,7744.0
8850.0,484.0,1.0,1.0,8.0,12.0,8.0,8.0,16.0,0.20000000000000168,0.8000000000000069,0.0,0.0,0.0,1.0,0.0,0.0,0.0,484.0,484.0,3872.0,5808.0,3872.0,3872.0,7744.0
8875.0,484.0,1.0,1.0,8.0,12.0,8.0,8.0,16.0,0.20000000000000168,0.8000000000000069,0.0,0.0,0.0,1.0,0.0,0.0,0.0,484.0,484.0,3872.0,5808.0,3872.0,3872.0,7744.0
8900.0,484.0,1.0,1.0,8.0,12.0,8.0,8.0,16.0,0.20000000000000168,0.8000000000000069,0.0,0.0,0.0,1.0,0.0,0.0,0.0,484.0,484.0,3872.0,5808.0,3872.0,3872.0,7744.0
8925.0,484.0,1.0,1.0,8.0,12.0,8.0,8.0,16.0,0.20000000000000168,0.8000000000000069,0.0,0.0,0.0,1.0,0.0,0.0,0.0,484.0,484.0,3872.0,5808.0,3872.0,3872.0,7744.0
8950.0,484.0,1.0,1.0,8.0,12.0,8.0,8.0,16.0,0.20000000000000168,0.8000000000000069,0.0,0.0,0.0,1.0,0.0,0.0,0.0,484.0,484.0,3872.0,5808.0,3872.0,3872.0,7744.0
8975.0,484.0,1.0,1.0,8.0,12.0,8.0,8.0,16.0,0.20000000000000168,0.8000000000000069,0.0,0.0,0.0,1.0,0.0,0.0,0.0,484.0,484.0,3872.0,5808.0,3872.0,3872.0,7744.0
9000.0,484.0,1.0,1.0,8.0,12.0,8.0,8.0,16.0,0.20000000000000168,0.8000000000000069,0.0,0.0,0.0,1.0,0.0,0.0,0.0,484.0,484.0,3872.0,5808.0,3872.0,3872.0,7744.0
9025.0,484.0,1.0,1.0,8.0,12.0,8.0,8.0,16.0,0.20000000000000168,0.8000000000000069,0.0,0.0,0.0,1.0,0.0,0.0,0.0,484.0,484.0,3872.0,5808.0,3872.0,3872.0,7744.0
9050.0,484.0,1.0,1.0,8.0,12.0,8.0,8.0,16.0,0.20000000000000168,0.8000000000000069,0.0,0.0,0.0,1.0,0.0,0.0,0.0,484.0,484.0,3872.0,5808.0,3872.0,3872.0,7744.0
9075.0,484.0,1.0,1.0,8.0,12.0,8.0,8.0,16.0,0.20000000000000168,0.8000000000000069,0.0,0.0,0.0,1.0,0.0,0.0,0.0,484.0,484.0,3872.0,5808.0,3872.0,3872.0,7744.0
9100.0,484.0,1.0,1.0,8.0,12.0,8.0,8.0,16.0,0.20000000000000168,0.8000000000000069,0.0,0.0,0.0,1.0,0.0,0.0,0.0,484.0,484.0,3872.0,5808.0,3872.0,3872.0,7744.0
9125.0,484.0,1.0,1.0,8.0,12.0,8.0,8.0,16.0,0.20000000000000168,0.8000000000000069,0.0,0.0,0.0,1.0,0.0,0.0,0.0,484.0,484.0,3872.0,5808.0,3872.0,3872.0,7744.0
9150.0,484.0,1.0,1.0,8.0,12.0,8.0,8.0,16.0,0.20000000000000168,0.8000000000000069,0.0,0.0,0.0,1.0,0.0,0.0,0.0,484.0,484.0,3872.0,5808.0,3872.0,3872.0,7744.0
9175.0,484.0,1.0,1.0,8.0,12.0,8.0,8.0,16.0,0.20000000000000168,0.8000000000000069,0.0,0.0,0.0,1.0,0.0,0.0,0.0,484.0,484.0,3872.0,5808.0,3872.0,3872.0,7744.0
9200.0,484.0,1.0,1.0,8.0,12.0,8.0,8.0,16.0,0.20000000000000168,0.8000000000000069,0.0,0.0,0.0,1.0,0.0,0.0,0.0,484.0,484.0,3872.0,5808.0,3872.0,3872.0,7744.0
9225.0,484.0,1.0,1.0,8.0,12.0,8.0,8.0,16.0,0.20000000000000168,0.8000000000000069,0.0,0.0,0.0,1.0,0.0,0.0,0.0,484.0,484.0,3872.0,5808.0,3872.0,3872.0,7744.0
9250.0,484.0,1.0,1.0,8.0,12.0,8.0,8.0,16.0,0.20000000000000168,0.8000000000000069,0.0,0.0,0.0,1.0,0.0,0.0,0.0,484.0,484.0,3872.0,5808.0,3872.0,3872.0,7744.0
9275.0,484.0,1.0,1.0,8.0,12.0,8.0,8.0,16.0,0.20000000000000168,0.8000000000000069,0.0,0.0,0.0,1.0,0.0,0.0,0.0,484.0,484.0,3872.0,5808.0,3872.0,3872.0,7744.0
9300.0,484.0,1.0,1.0,8.0,12.0,8.0,8.0,16.0,0.20000000000000168,0.8000000000000069,0.0,0.0,0.0,1.0,0.0,0.0,0.0,484.0,484.0,3872.0,5808.0,3872.0,3872.0,7744.0
9325.0,484.0,1.0,1.0,8.0,12.0,8.0,8.0,16.0,0.20000000000000168,0.8000000000000069,0.0,0.0,0.0,1.0,0.0,0.0,0.0,484.0,484.0,3872.0,5808.0,3872.0,3872.0,7744.0
9350.0,484.0,1.0,1.0,8.0,12.0,8.0,8.0,16.0,0.20000000000000168,0.8000000000000069,0.0,0.0,0.0,1.0,0.0,0.0,0.0,484.0,484.0,3872.0,5808.0,3872.0,3872.0,7744.0
9375.0,484.0,1.0,1.0,8.0,12.0,8.0,8.0,16.0,0.20000000000000168,0.8000000000000069,0.0,0.0,0.0,1.0,0.0,0.0,0.0,484.0,484.0,3872.0,5808.0,3872.0,3872.0,7744.0
9400.0,484.0,1.0,1.0,8.0,12.0,8.0,8.0,16.0,0.20000000000000168,0.8000000000000069,0.0,0.0,0.0,1.0,0.0,0.0,0.0,484.0,484.0,3872.0,5808.0,3872.0,3872.0,7744.0
9425.0,484.0,1.0,1.0,8.0,12.0,8.0,8.0,16.0,0.20000000000000168,0.8000000000000069,0.0,0.0,0.0,1.0,0.0,0.0,0.0,484.0,484.0,3872.0,5808.0,3872.0,3872.0,7744.0
9450.0,484.0,1.0,1.0,8.0,12.0,8.0,8.0,16.0,0.20000000000000168,0.8000000000000069,0.0,0.0,0.0,1.0,0.0,0.0,0.0,484.0,484.0,3872.0,5808.0,3872.0,3872.0,7744.0
9475.0,484.0,1.0,1.0,8.0,12.0,8.0,8.0,16.0,0.20000000000000168,0.8000000000000069,0.0,0.0,0.0,1.0,0.0,0.0,0.0,484.0,484.0,3872.0,5808.0,3872.0,3872.0,7744.0
9500.0,484.0,1.0,1.0,8.0,12.0,8.0,8.0,16.0,0.20000000000000168,0.8000000000000069,0.0,0.0,0.0,1.0,0.0,0.0,0.0,484.0,484.0,3872.0,5808.0,3872.0,3872.0,7744.0
9525.0,484.0,1.0,1.0,8.0,12.0,8.0,8.0,16.0,0.20000000000000168,0.8000000000000069,0.0,0.0,0.0,1.0,0.0,0.0,0.0,484.0,484.0,3872.0,5808.0,3872.0,3872.0,7744.0
9550.0,484.0,1.0,1.0,8.0,12.0,8.0,8.0,16.0,0.20000000000000168,0.8000000000000069,0.0,0.0,0.0,1.0,0.0,0.0,0.0,484.0,484.0,3872.0,5808.0,3872.0,3872.0,7744.0
9575.0,484.0,1.0,1.0,8.0,12.0,8.0,8.0,16.0,0.20000000000000168,0.8000000000000069,0.0,0.0,0.0,1.0,0.0,0.0,0.0,484.0,484.0,3872.0,5808.0,3872.0,3872.0,7744.0
9600.0,484.0,1.0,1.0,8.0,12.0,8.0,8.0,16.0,0.20000000000000168,0.8000000000000069,0.0,0.0,0.0,1.0,0.0,0.0,0.0,484.0,484.0,3872.0,5808.0,3872.0,3872.0,7744.0
9625.0,484.0,1.0,1.0,8.0,12.0,8.0,8.0,16.0,0.20000000000000168,0.8000000000000069,0.0,0.0,0.0,1.0,0.0,0.0,0.0,484.0,484.0,3872.0,5808.0,3872.0,3872.0,7744.0
9650.0,484.0,1.0,1.0,8.0,12.0,8.0,8.0,16.0,0.20000000000000168,0.8000000000000069,0.0,0.0,0.0,1.0,0.0,0.0,0.0,484.0,484.0,3872.0,5808.0,3872.0,3872.0,7744.0
9675.0,484.0,1.0,1.0,8.0,12.0,8.0,8.0,16.0,0.20000000000000168,0.8000000000000069,0.0,0.0,0.0,1.0,0.0,0.0,0.0,484.0,484.0,3872.0,5808.0,3872.0,3872.0,7744.0
9700.0,484.0,1.0,1.0,8.0,12.0,8.0,8.0,16.0,0.20000000000000168,0.8000000000000069,0.0,0.0,0.0,1.0,0.0,0.0,0.0,484.0,484.0,3872.0,5808.0,3872.0,3872.0,7744.0
9725.0,484.0,1.0,1.0,8.0,12.0,8.0,8.0,16.0,0.20000000000000168,0.8000000000000069,0.0,0.0,0.0,1.0,0.0,0.0,0.0,484.0,484.0,3872.0,5808.0,3872.0,3872.0,7744.0
9750.0,484.0,1.0,1.0,8.0,12.0,8.0,8.0,16.0,0.20000000000000168,0.8000000000000069,0.0,0.0,0.0,1.0,0.0,0.0,0.0,484.0,484.0,3872.0,5808.0,3872.0,3872.0,7744.0
9775.0,484.0,1.0,1.0,8.0,12.0,8.0,8.0,16.0,0.20000000000000168,0.8000000000000069,0.0,0.0,0.0,1.0,0.0,0.0,0.0,484.0,484.0,3872.0,5808.0,3872.0,3872.0,7744.0
9800.0,484.0,1.0,1.0,8.0,12.0,8.0,8.0,16.0,0.20000000000000168,0.8000000000000069,0.0,0.0,0.0,1.0,0.0,0.0,0.0,484.0,484.0,3872.0,5808.0,3872.0,3872.0,7744.0
9825.0,484.0,1.0,1.0,8.0,12.0,8.0,8.0,16.0,0.20000000000000168,0.8000000000000069,0.0,0.0,0.0,1.0,0.0,0.0,0.0,484.0,484.0,3872.0,5808.0,3872.0,3872.0,7744.0
9850.0,484.0,1.0,1.0,8.0,12.0,8.0,8.0,16.0,0.20000000000000168,0.8000000000000069,0.0,0.0,0.0,1.0,0.0,0.0,0.0,484.0,484.0,3872.0,5808.0,3872.0,3872.0,7744.0
9875.0,484.0,1.0,1.0,8.0,12.0,8.0,8.0,16.0,0.20000000000000168,0.8000000000000069,0.0,0.0,0.0,1.0,0.0,0.0,0.0,484.0,484.0,3872.0,5808.0,3872.0,3872.0,7744.0
9900.0,484.0,1.0,1.0,8.0,12.0,8.0,8.0,16.0,0.20000000000000168,0.8000000000000069,0.0,0.0,0.0,1.0,0.0,0.0,0.0,484.0,484.0,3872.0,5808.0,3872.0,3872.0,7744.0
9925.0,484.0,1.0,1.0,8.0,12.0,8.0,8.0,16.0,0.20000000000000168,0.8000000000000069,0.0,0.0,0.0,1.0,0.0,0.0,0.0,484.0,484.0,3872.0,5808.0,3872.0,3872.0,7744.0
9950.0,484.0,1.0,1.0,8.0,12.0,8.0,8.0,16.0,0.20000000000000168,0.8000000000000069,0.0,0.0,0.0,1.0,0.0,0.0,0.0,484.0,484.0,3872.0,5808.0,3872.0,3872.0,7744.0
9975.0,484.0,1.0,1.0,8.0,12.0,8.0,8.0,16.0,0.20000000000000168,0.8000000000000069,0.0,0.0,0.0,1.0,0.0,0.0,0.0,484.0,484.0,3872.0,5808.0,3872.0,3872.0,7744.0
10000.0,484.0,1.0,1.0,8.0,12.0,8.0,8.0,16.0,0.20000000000000168,0.8000000000000069,0.0,0.0,0.0,1.0,0.0,0.0,0.0,484.0,484.0,3872.0,5808.0,3872.0,3872.0,7744.0
10025.0,484.0,1.0,1.0,8.0,12.0,8.0,8.0,16.0,0.20000000000000168,0.8000000000000069,0.0,0.0,0.0,1.0,0.0,0.0,0.0,484.0,484.0,3872.0,5808.0,3872.0,3872.0,7744.0
10050.0,484.0,1.0,1.0,8.0,12.0,8.0,8.0,16.0,0.20000000000000168,0.8000000000000069,0.0,0.0,0.0,1.0,0.0,0.0,0.0,484.0,484.0,3872.0,5808.0,3872.0,3872.0,7744.0
10075.0,484.0,1.0,1.0,8.0,12.0,8.0,8.0,16.0,0.20000000000000168,0.8000000000000069,0.0,0.0,0.0,1.0,0.0,0.0,0.0,484.0,484.0,3872.0,5808.0,3872.0,3872.0,7744.0
10100.0,484.0,1.0,1.0,8.0,12.0,8.0,8.0,16.0,0.20000000000000168,0.8000000000000069,0.0,0.0,0.0,1.0,0.0,0.0,0.0,484.0,484.0,3872.0,5808.0,3872.0,3872.0,7744.0
10125.0,484.0,1.0,1.0,8.0,12.0,8.0,8.0,16.0,0.20000000000000168,0.8000000000000069,0.0,0.0,0.0,1.0,0.0,0.0,0.0,484.0,484.0,3872.0,5808.0,3872.0,3872.0,7744.0
10150.0,484.0,1.0,1.0,8.0,12.0,8.0,8.0,16.0,0.20000000000000168,0.8000000000000069,0.0,0.0,0.0,1.0,0.0,0.0,0.0,484.0,484.0,3872.0,5808.0,3872.0,3872.0,7744.0
10175.0,484.0,1.0,1.0,8.0,12.0,8.0,8.0,16.0,0.20000000000000168,0.8000000000000069,0.0,0.0,0.0,1.0,0.0,0.0,0.0,484.0,484.0,3872.0,5808.0,3872.0,3872.0,7744.0
10200.0,484.0,1.0,1.0,8.0,12.0,8.0,8.0,16.0,0.20000000000000168,0.8000000000000069,0.0,0.0,0.0,1.0,0.0,0.0,0.0,484.0,484.0,3872.0,5808.0,3872.0,3872.0,7744.0
10225.0,484.0,1.0,1.0,8.0,12.0,8.0,8.0,16.0,0.20000000000000168,0.8000000000000069,0.0,0.0,0.0,1.0,0.0,0.0,0.0,484.0,484.0,3872.0,5808.0,3872.0,3872.0,7744.0
10250.0,484.0,1.0,1.0,8.0,12.0,8.0,8.0,16.0,0.20000000000000168,0.8000000000000069,0.0,0.0,0.0,1.0,0.0,0.0,0.0,484.0,484.0,3872.0,5808.0,3872.0,3872.0,7744.0
10275.0,484.0,1.0,1.0,8.0,12.0,8.0,8.0,16.0,0.20000000000000168,0.8000000000000069,0.0,0.0,0.0,1.0,0.0,0.0,0.0,484.0,484.0,3872.0,5808.0,3872.0,3872.0,7744.0
10300.0,484.0,1.0,1.0,8.0,12.0,8.0,8.0,16.0,0.20000000000000168,0.8000000000000069,0.0,0.0,0.0,1.0,0.0,0.0,0.0,484.0,484.0,3872.0,5808.0,3872.0,3872.0,7744.0
10325.0,484.0,1.0,1.0,8.0,12.0,8.0,8.0,16.0,0.20000000000000168,0.8000000000000069,0.0,0.0,0.0,1.0,0.0,0.0,0.0,484.0,484.0,3872.0,5808.0,3872.0,3872.0,7744.0
10350.0,484.0,1.0,1.0,8.0,12.0,8.0,8.0,16.0,0.20000000000000168,0.8000000000000069,0.0,0.0,0.0,1.0,0.0,0.0,0.0,484.0,484.0,3872.0,5808.0,3872.0,3872.0,7744.0
10375.0,484.0,1.0,1.0,8.0,12.0,8.0,8.0,16.0,0.20000000000000168,0.8000000000000069,0.0,0.0,0.0,1.0,0.0,0.0,0.0,484.0,484.0,3872.0,5808.0,3872.0,3872.0,7744.0
10400.0,484.0,1.0,1.0,8.0,12.0,8.0,8.0,16.0,0.20000000000000168,0.8000000000000069,0.0,0.0,0.0,1.0,0.0,0.0,0.0,484.0,484.0,3872.0,5808.0,3872.0,3872.0,7744.0
10425.0,484.0,1.0,1.0,8.0,12.0,8.0,8.0,16.0,0.20000000000000168,0.8000000000000069,0.0,0.0,0.0,1.0,0.0,0.0,0.0,484.0,484.0,3872.0,5808.0,3872.0,3872.0,7744.0
10450.0,484.0,1.0,1.0,8.0,12.0,8.0,8.0,16.0,0.20000000000000168,0.8000000000000069,0.0,0.0,0.0,1.0,0.0,0.0,0.0,484.0,484.0,3872.0,5808.0,3872.0,3872.0,7744.0
10475.0,484.0,1.0,1.0,8.0,12.0,8.0,8.0,16.0,0.20000000000000168,0.8000000000000069,0.0,0.0,0.0,1.0,0.0,0.0,0.0,484.0,484.0,3872.0,5808.0,3872.0,3872.0,7744.0
10500.0,484.0,1.0,1.0,8.0,12.0,8.0,8.0,16.0,0.20000000000000168,0.8000000000000069,0.0,0.0,0.0,1.0,0.0,0.0,0.0,484.0,484.0,3872.0,5808.0,3872.0,3872.0,7744.0
10525.0,484.0,1.0,1.0,8.0,12.0,8.0,8.0,16.0,0.20000000000000168,0.8000000000000069,0.0,0.0,0.0,1.0,0.0,0.0,0.0,484.0,484.0,3872.0,5808.0,3872.0,3872.0,7744.0
10550.0,484.0,1.0,1.0,8.0,12.0,8.0,8.0,16.0,0.20000000000000168,0.8000000000000069,0.0,0.0,0.0,1.0,0.0,0.0,0.0,484.0,484.0,3872.0,5808.0,3872.0,3872.0,7744.0
10575.0,484.0,1.0,1.0,8.0,12.0,8.0,8.0,16.0,0.20000000000000168,0.8000000000000069,0.0,0.0,0.0,1.0,0.0,0.0,0.0,484.0,484.0,3872.0,5808.0,3872.0,3872.0,7744.0
10600.0,484.0,1.0,1.0,8.0,12.0,8.0,8.0,16.0,0.20000000000000168,0.8000000000000069,0.0,0.0,0.0,1.0,0.0,0.0,0.0,484.0,484.0,3872.0,5808.0,3872.0,3872.0,7744.0
10625.0,484.0,1.0,1.0,8.0,12.0,8.0,8.0,16.0,0.20000000000000168,0.8000000000000069,0.0,0.0,0.0,1.0,0.0,0.0,0.0,484.0,484.0,3872.0,5808.0,3872.0,3872.0,7744.0
10650.0,484.0,1.0,1.0,8.0,12.0,8.0,8.0,16.0,0.20000000000000168,0.8000000000000069,0.0,0.0,0.0,1.0,0.0,0.0,0.0,484.0,484.0,3872.0,5808.0,3872.0,3872.0,7744.0
10675.0,484.0,1.0,1.0,8.0,12.0,8.0,8.0,16.0,0.20000000000000168,0.8000000000000069,0.0,0.0,0.0,1.0,0.0,0.0,0.0,484.0,484.0,3872.0,5808.0,3872.0,3872.0,7744.0
10700.0,484.0,1.0,1.0,8.0,12.0,8.0,8.0,16.0,0.20000000000000168,0.8000000000000069,0.0,0.0,0.0,1.0,0.0,0.0,0.0,484.0,484.0,3872.0,5808.0,3872.0,3872.0,7744.0
10725.0,484.0,1.0,1.0,8.0,12.0,8.0,8.0,16.0,0.20000000000000168,0.8000000000000069,0.0,0.0,0.0,1.0,0.0,0.0,0.0,484.0,484.0,3872.0,5808.0,3872.0,3872.0,7744.0
10750.0,484.0,1.0,1.0,8.0,12.0,8.0,8.0,16.0,0.20000000000000168,0.8000000000000069,0.0,0.0,0.0,1.0,0.0,0.0,0.0,484.0,484.0,3872.0,5808.0,3872.0,3872.0,7744.0
10775.0,484.0,1.0,1.0,8.0,12.0,8.0,8.0,16.0,0.20000000000000168,0.8000000000000069,0.0,0.0,0.0,1.0,0.0,0.0,0.0,484.0,484.0,3872.0,5808.0,3872.0,3872.0,7744.0
10800.0,484.0,1.0,1.0,8.0,12.0,8.0,8.0,16.0,0.20000000000000168,0.8000000000000069,0.0,0.0,0.0,1.0,0.0,0.0,0.0,484.0,484.0,3872.0,5808.0,3872.0,3872.0,7744.0
10825.0,484.0,1.0,1.0,8.0,12.0,8.0,8.0,16.0,0.20000000000000168,0.8000000000000069,0.0,0.0,0.0,1.0,0.0,0.0,0.0,484.0,484.0,3872.0,5808.0,3872.0,3872.0,7744.0
10850.0,484.0,1.0,1.0,8.0,12.0,8.0,8.0,16.0,0.20000000000000168,0.8000000000000069,0.0,0.0,0.0,1.0,0.0,0.0,0.0,484.0,484.0,3872.0,5808.0,3872.0,3872.0,7744.0
10875.0,484.0,1.0,1.0,8.0,12.0,8.0,8.0,16.0,0.20000000000000168,0.8000000000000069,0.0,0.0,0.0,1.0,0.0,0.0,0.0,484.0,484.0,3872.0,5808.0,3872.0,3872.0,7744.0
10900.0,484.0,1.0,1.0,8.0,12.0,8.0,8.0,16.0,0.20000000000000168,0.8000000000000069,0.0,0.0,0.0,1.0,0.0,0.0,0.0,484.0,484.0,3872.0,5808.0,3872.0,3872.0,7744.0
10925.0,484.0,1.0,1.0,8.0,12.0,8.0,8.0,16.0,0.20000000000000168,0.8000000000000069,0.0,0.0,0.0,1.0,0.0,0.0,0.0,484.0,484.0,3872.0,5808.0,3872.0,3872.0,7744.0
10950.0,484.0,1.0,1.0,8.0,12.0,8.0,8.0,16.0,0.20000000000000168,0.8000000000000069,0.0,0.0,0.0,1.0,0.0,0.0,0.0,484.0,484.0,3872.0,5808.0,3872.0,3872.0,7744.0
10975.0,484.0,1.0,1.0,8.0,12.0,8.0,8.0,16.0,0.20000000000000168,0.8000000000000069,0.0,0.0,0.0,1.0,0.0,0.0,0.0,484.0,484.0,3872.0,5808.0,3872.0,3872.0,7744.0
11000.0,484.0,1.0,1.0,8.0,12.0,8.0,8.0,16.0,0.20000000000000168,0.8000000000000069,0.0,0.0,0.0,1.0,0.0,0.0,0.0,484.0,484.0,3872.0,5808.0,3872.0,3872.0,7744.0
11025.0,484.0,1.0,1.0,8.0,12.0,8.0,8.0,16.0,0.20000000000000168,0.8000000000000069,0.0,0.0,0.0,1.0,0.0,0.0,0.0,484.0,484.0,3872.0,5808.0,3872.0,3872.0,7744.0
11050.0,484.0,1.0,1.0,8.0,12.0,8.0,8.0,16.0,0.20000000000000168,0.8000000000000069,0.0,0.0,0.0,1.0,0.0,0.0,0.0,484.0,484.0,3872.0,5808.0,3872.0,3872.0,7744.0
11075.0,484.0,1.0,1.0,8.0,12.0,8.0,8.0,16.0,0.20000000000000168,0.8000000000000069,0.0,0.0,0.0,1.0,0.0,0.0,0.0,484.0,484.0,3872.0,5808.0,3872.0,3872.0,7744.0
11100.0,484.0,1.0,1.0,8.0,12.0,8.0,8.0,16.0,0.20000000000000168,0.8000000000000069,0.0,0.0,0.0,1.0,0.0,0.0,0.0,484.0,484.0,3872.0,5808.0,3872.0,3872.0,7744.0
11125.0,484.0,1.0,1.0,8.0,12.0,8.0,8.0,16.0,0.20000000000000168,0.8000000000000069,0.0,0.0,0.0,1.0,0.0,0.0,0.0,484.0,484.0,3872.0,5808.0,3872.0,3872.0,7744.0
11150.0,484.0,1.0,1.0,8.0,12.0,8.0,8.0,16.0,0.20000000000000168,0.8000000000000069,0.0,0.0,0.0,1.0,0.0,0.0,0.0,484.0,484.0,3872.0,5808.0,3872.0,3872.0,7744.0
11175.0,484.0,1.0,1.0,8.0,12.0,8.0,8.0,16.0,0.20000000000000168,0.8000000000000069,0.0,0.0,0.0,1.0,0.0,0.0,0.0,484.0,484.0,3872.0,5808.0,3872.0,3872.0,7744.0
11200.0,484.0,1.0,1.0,8.0,12.0,8.0,8.0,16.0,0.20000000000000168,0.8000000000000069,0.0,0.0,0.0,1.0,0.0,0.0,0.0,484.0,484.0,3872.0,5808.0,3872.0,3872.0,7744.0
11225.0,484.0,1.0,1.0,8.0,12.0,8.0,8.0,16.0,0.20000000000000168,0.8000000000000069,0.0,0.0,0.0,1.0,0.0,0.0,0.0,484.0,484.0,3872.0,5808.0,3872.0,3872.0,7744.0
11250.0,484.0,1.0,1.0,8.0,12.0,8.0,8.0,16.0,0.20000000000000168,0.8000000000000069,0.0,0.0,0.0,1.0,0.0,0.0,0.0,484.0,484.0,3872.0,5808.0,3872.0,3872.0,7744.0
11275.0,484.0,1.0,1.0,8.0,12.0,8.0,8.0,16.0,0.20000000000000168,0.8000000000000069,0.0,0.0,0.0,1.0,0.0,0.0,0.0,484.0,484.0,3872.0,5808.0,3872.0,3872.0,7744.0
11300.0,484.0,1.0,1.0,8.0,12.0,8.0,8.0,16.0,0.20000000000000168,0.8000000000000069,0.0,0.0,0.0,1.0,0.0,0.0,0.0,484.0,484.0,3872.0,5808.0,3872.0,3872.0,7744.0
11325.0,484.0,1.0,1.0,8.0,12.0,8.0,8.0,16.0,0.20000000000000168,0.8000000000000069,0.0,0.0,0.0,1.0,0.0,0.0,0.0,484.0,484.0,3872.0,5808.0,3872.0,3872.0,7744.0
11350.0,484.0,1.0,1.0,8.0,12.0,8.0,8.0,16.0,0.20000000000000168,0.8000000000000069,0.0,0.0,0.0,1.0,0.0,0.0,0.0,484.0,484.0,3872.0,5808.0,3872.0,3872.0,7744.0
11375.0,484.0,1.0,1.0,8.0,12.0,8.0,8.0,16.0,0.20000000000000168,0.8000000000000069,0.0,0.0,0.0,1.0,0.0,0.0,0.0,484.0,484.0,3872.0,5808.0,3872.0,3872.0,7744.0
11400.0,484.0,1.0,1.0,8.0,12.0,8.0,8.0,16.0,0.20000000000000168,0.8000000000000069,0.0,0.0,0.0,1.0,0.0,0.0,0.0,484.0,484.0,3872.0,5808.0,3872.0,3872.0,7744.0
11425.0,484.0,1.0,1.0,8.0,12.0,8.0,8.0,16.0,0.20000000000000168,0.8000000000000069,0.0,0.0,0.0,1.0,0.0,0.0,0.0,484.0,484.0,3872.0,5808.0,3872.0,3872.0,7744.0
11450.0,484.0,1.0,1.0,8.0,12.0,8.0,8.0,16.0,0.20000000000000168,0.8000000000000069,0.0,0.0,0.0,1.0,0.0,0.0,0.0,484.0,484.0,3872.0,5808.0,3872.0,3872.0,7744.0
11475.0,484.0,1.0,1.0,8.0,12.0,8.0,8.0,16.0,0.20000000000000168,0.8000000000000069,0.0,0.0,0.0,1.0,0.0,0.0,0.0,484.0,484.0,3872.0,5808.0,3872.0,3872.0,7744.0
11500.0,484.0,1.0,1.0,8.0,12.0,8.0,8.0,16.0,0.20000000000000168,0.8000000000000069,0.0,0.0,0.0,1.0,0.0,0.0,0.0,484.0,484.0,3872.0,5808.0,3872.0,3872.0,7744.0
11525.0,484.0,1.0,1.0,8.0,12.0,8.0,8.0,16.0,0.20000000000000168,0.8000000000000069,0.0,0.0,0.0,1.0,0.0,0.0,0.0,484.0,484.0,3872.0,5808.0,3872.0,3872.0,7744.0
11550.0,484.0,1.0,1.0,8.0,12.0,8.0,8.0,16.0,0.20000000000000168,0.8000000000000069,0.0,0.0,0.0,1.0,0.0,0.0,0.0,484.0,484.0,3872.0,5808.0,3872.0,3872.0,7744.0
11575.0,484.0,1.0,1.0,8.0,12.0,8.0,8.0,16.0,0.20000000000000168,0.8000000000000069,0.0,0.0,0.0,1.0,0.0,0.0,0.0,484.0,484.0,3872.0,5808.0,3872.0,3872.0,7744.0
11600.0,484.0,1.0,1.0,8.0,12.0,8.0,8.0,16.0,0.20000000000000168,0.8000000000000069,0.0,0.0,0.0,1.0,0.0,0.0,0.0,484.0,484.0,3872.0,5808.0,3872.0,3872.0,7744.0
11625.0,484.0,1.0,1.0,8.0,12.0,8.0,8.0,16.0,0.20000000000000168,0.8000000000000069,0.0,0.0,0.0,1.0,0.0,0.0,0.0,484.0,484.0,3872.0,5808.0,3872.0,3872.0,7744.0
11650.0,484.0,1.0,1.0,8.0,12.0,8.0,8.0,16.0,0.20000000000000168,0.8000000000000069,0.0,0.0,0.0,1.0,0.0,0.0,0.0,484.0,484.0,3872.0,5808.0,3872.0,3872.0,7744.0
11675.0,484.0,1.0,1.0,8.0,12.0,8.0,8.0,16.0,0.20000000000000168,0.8000000000000069,0.0,0.0,0.0,1.0,0.0,0.0,0.0,484.0,484.0,3872.0,5808.0,3872.0,3872.0,7744.0
11700.0,484.0,1.0,1.0,8.0,12.0,8.0,8.0,16.0,0.20000000000000168,0.8000000000000069,0.0,0.0,0.0,1.0,0.0,0.0,0.0,484.0,484.0,3872.0,5808.0,3872.0,3872.0,7744.0
11725.0,484.0,1.0,1.0,8.0,12.0,8.0,8.0,16.0,0.20000000000000168,0.8000000000000069,0.0,0.0,0.0,1.0,0.0,0.0,0.0,484.0,484.0,3872.0,5808.0,3872.0,3872.0,7744.0
11750.0,484.0,1.0,1.0,8.0,12.0,8.0,8.0,16.0,0.20000000000000168,0.8000000000000069,0.0,0.0,0.0,1.0,0.0,0.0,0.0,484.0,484.0,3872.0,5808.0,3872.0,3872.0,7744.0
11775.0,484.0,1.0,1.0,8.0,12.0,8.0,8.0,16.0,0.20000000000000168,0.8000000000000069,0.0,0.0,0.0,1.0,0.0,0.0,0.0,484.0,484.0,3872.0,5808.0,3872.0,3872.0,7744.0
11800.0,484.0,1.0,1.0,8.0,12.0,8.0,8.0,16.0,0.20000000000000168,0.8000000000000069,0.0,0.0,0.0,1.0,0.0,0.0,0.0,484.0,484.0,3872.0,5808.0,3872.0,3872.0,7744.0
11825.0,484.0,1.0,1.0,8.0,12.0,8.0,8.0,16.0,0.20000000000000168,0.8000000000000069,0.0,0.0,0.0,1.0,0.0,0.0,0.0,484.0,484.0,3872.0,5808.0,3872.0,3872.0,7744.0
11850.0,484.0,1.0,1.0,8.0,12.0,8.0,8.0,16.0,0.20000000000000168,0.8000000000000069,0.0,0.0,0.0,1.0,0.0,0.0,0.0,484.0,484.0,3872.0,5808.0,3872.0,3872.0,7744.0
11875.0,484.0,1.0,1.0,8.0,12.0,8.0,8.0,16.0,0.20000000000000168,0.8000000000000069,0.0,0.0,0.0,1.0,0.0,0.0,0.0,484.0,484.0,3872.0,5808.0,3872.0,3872.0,7744.0
11900.0,484.0,1.0,1.0,8.0,12.0,8.0,8.0,16.0,0.20000000000000168,0.8000000000000069,0.0,0.0,0.0,1.0,0.0,0.0,0.0,484.0,484.0,3872.0,5808.0,3872.0,3872.0,7744.0
11925.0,484.0,1.0,1.0,8.0,12.0,8.0,8.0,16.0,0.20000000000000168,0.8000000000000069,0.0,0.0,0.0,1.0,0.0,0.0,0.0,484.0,484.0,3872.0,5808.0,3872.0,3872.0,7744.0
11950.0,484.0,1.0,1.0,8.0,12.0,8.0,8.0,16.0,0.20000000000000168,0.8000000000000069,0.0,0.0,0.0,1.0,0.0,0.0,0.0,484.0,484.0,3872.0,5808.0,3872.0,3872.0,7744.0
11975.0,484.0,1.0,1.0,8.0,12.0,8.0,8.0,16.0,0.20000000000000168,0.8000000000000069,0.0,0.0,0.0,1.0,0.0,0.0,0.0,484.0,484.0,3872.0,5808.0,3872.0,3872.0,7744.0
12000.0,484.0,1.0,1.0,8.0,12.0,8.0,8.0,16.0,0.20000000000000168,0.8000000000000069,0.0,0.0,0.0,1.0,0.0,0.0,0.0,484.0,484.0,3872.0,5808.0,3872.0,3872.0,7744.0
12025.0,484.0,1.0,1.0,8.0,12.0,8.0,8.0,16.0,0.20000000000000168,0.8000000000000069,0.0,0.0,0.0,1.0,0.0,0.0,0.0,484.0,484.0,3872.0,5808.0,3872.0,3872.0,7744.0
12050.0,484.0,1.0,1.0,8.0,12.0,8.0,8.0,16.0,0.20000000000000168,0.8000000000000069,0.0,0.0,0.0,1.0,0.0,0.0,0.0,484.0,484.0,3872.0,5808.0,3872.0,3872.0,7744.0
12075.0,484.0,1.0,1.0,8.0,12.0,8.0,8.0,16.0,0.20000000000000168,0.8000000000000069,0.0,0.0,0.0,1.0,0.0,0.0,0.0,484.0,484.0,3872.0,5808.0,3872.0,3872.0,7744.0
12100.0,484.0,1.0,1.0,8.0,12.0,8.0,8.0,16.0,0.20000000000000168,0.8000000000000069,0.0,0.0,0.0,1.0,0.0,0.0,0.0,484.0,484.0,3872.0,5808.0,3872.0,3872.0,7744.0
12125.0,484.0,1.0,1.0,8.0,12.0,8.0,8.0,16.0,0.20000000000000168,0.8000000000000069,0.0,0.0,0.0,1.0,0.0,0.0,0.0,484.0,484.0,3872.0,5808.0,3872.0,3872.0,7744.0
12150.0,484.0,1.0,1.0,8.0,12.0,8.0,8.0,16.0,0.20000000000000168,0.8000000000000069,0.0,0.0,0.0,1.0,0.0,0.0,0.0,484.0,484.0,3872.0,5808.0,3872.0,3872.0,7744.0
12175.0,484.0,1.0,1.0,8.0,12.0,8.0,8.0,16.0,0.20000000000000168,0.8000000000000069,0.0,0.0,0.0,1.0,0.0,0.0,0.0,484.0,484.0,3872.0,5808.0,3872.0,3872.0,7744.0
12200.0,484.0,1.0,1.0,8.0,12.0,8.0,8.0,16.0,0.20000000000000168,0.8000000000000069,0.0,0.0,0.0,1.0,0.0,0.0,0.0,484.0,484.0,3872.0,5808.0,3872.0,3872.0,7744.0
12225.0,484.0,1.0,1.0,8.0,12.0,8.0,8.0,16.0,0.20000000000000168,0.8000000000000069,0.0,0.0,0.0,1.0,0.0,0.0,0.0,484.0,484.0,3872.0,5808.0,3872.0,3872.0,7744.0
12250.0,484.0,1.0,1.0,8.0,12.0,8.0,8.0,16.0,0.20000000000000168,0.8000000000000069,0.0,0.0,0.0,1.0,0.0,0.0,0.0,484.0,484.0,3872.0,5808.0,3872.0,3872.0,7744.0
12275.0,484.0,1.0,1.0,8.0,12.0,8.0,8.0,16.0,0.20000000000000168,0.8000000000000069,0.0,0.0,0.0,1.0,0.0,0.0,0.0,484.0,484.0,3872.0,5808.0,3872.0,3872.0,7744.0
12300.0,484.0,1.0,1.0,8.0,12.0,8.0,8.0,16.0,0.20000000000000168,0.8000000000000069,0.0,0.0,0.0,1.0,0.0,0.0,0.0,484.0,484.0,3872.0,5808.0,3872.0,3872.0,7744.0
12325.0,484.0,1.0,1.0,8.0,12.0,8.0,8.0,16.0,0.20000000000000168,0.8000000000000069,0.0,0.0,0.0,1.0,0.0,0.0,0.0,484.0,484.0,3872.0,5808.0,3872.0,3872.0,7744.0
12350.0,484.0,1.0,1.0,8.0,12.0,8.0,8.0,16.0,0.20000000000000168,0.8000000000000069,0.0,0.0,0.0,1.0,0.0,0.0,0.0,484.0,484.0,3872.0,5808.0,3872.0,3872.0,7744.0
12375.0,484.0,1.0,1.0,8.0,12.0,8.0,8.0,16.0,0.20000000000000168,0.8000000000000069,0.0,0.0,0.0,1.0,0.0,0.0,0.0,484.0,484.0,3872.0,5808.0,3872.0,3872.0,7744.0
12400.0,484.0,1.0,1.0,8.0,12.0,8.0,8.0,16.0,0.20000000000000168,0.8000000000000069,0.0,0.0,0.0,1.0,0.0,0.0,0.0,484.0,484.0,3872.0,5808.0,3872.0,3872.0,7744.0
12425.0,484.0,1.0,1.0,8.0,12.0,8.0,8.0,16.0,0.20000000000000168,0.8000000000000069,0.0,0.0,0.0,1.0,0.0,0.0,0.0,484.0,484.0,3872.0,5808.0,3872.0,3872.0,7744.0
12450.0,484.0,1.0,1.0,8.0,12.0,8.0,8.0,16.0,0.20000000000000168,0.8000000000000069,0.0,0.0,0.0,1.0,0.0,0.0,0.0,484.0,484.0,3872.0,5808.0,3872.0,3872.0,7744.0
12475.0,484.0,1.0,1.0,8.0,12.0,8.0,8.0,16.0,0.20000000000000168,0.8000000000000069,0.0,0.0,0.0,1.0,0.0,0.0,0.0,484.0,484.0,3872.0,5808.0,3872.0,3872.0,7744.0
12500.0,484.0,1.0,1.0,8.0,12.0,8.0,8.0,16.0,0.20000000000000168,0.8000000000000069,0.0,0.0,0.0,1.0,0.0,0.0,0.0,484.0,484.0,3872.0,5808.0,3872.0,3872.0,7744.0
12525.0,484.0,1.0,1.0,8.0,12.0,8.0,8.0,16.0,0.20000000000000168,0.8000000000000069,0.0,0.0,0.0,1.0,0.0,0.0,0.0,484.0,484.0,3872.0,5808.0,3872.0,3872.0,7744.0
12550.0,484.0,1.0,1.0,8.0,12.0,8.0,8.0,16.0,0.20000000000000168,0.8000000000000069,0.0,0.0,0.0,1.0,0.0,0.0,0.0,484.0,484.0,3872.0,5808.0,3872.0,3872.0,7744.0
12575.0,484.0,1.0,1.0,8.0,12.0,8.0,8.0,16.0,0.20000000000000168,0.8000000000000069,0.0,0.0,0.0,1.0,0.0,0.0,0.0,484.0,484.0,3872.0,5808.0,3872.0,3872.0,7744.0
12600.0,484.0,1.0,1.0,8.0,12.0,8.0,8.0,16.0,0.20000000000000168,0.8000000000000069,0.0,0.0,0.0,1.0,0.0,0.0,0.0,484.0,484.0,3872.0,5808.0,3872.0,3872.0,7744.0
12625.0,484.0,1.0,1.0,8.0,12.0,8.0,8.0,16.0,0.20000000000000168,0.8000000000000069,0.0,0.0,0.0,1.0,0.0,0.0,0.0,484.0,484.0,3872.0,5808.0,3872.0,3872.0,7744.0
12650.0,484.0,1.0,1.0,8.0,12.0,8.0,8.0,16.0,0.20000000000000168,0.8000000000000069,0.0,0.0,0.0,1.0,0.0,0.0,0.0,484.0,484.0,3872.0,5808.0,3872.0,3872.0,7744.0
12675.0,484.0,1.0,1.0,8.0,12.0,8.0,8.0,16.0,0.20000000000000168,0.8000000000000069,0.0,0.0,0.0,1.0,0.0,0.0,0.0,484.0,484.0,3872.0,5808.0,3872.0,3872.0,7744.0
12700.0,484.0,1.0,1.0,8.0,12.0,8.0,8.0,16.0,0.20000000000000168,0.8000000000000069,0.0,0.0,0.0,1.0,0.0,0.0,0.0,484.0,484.0,3872.0,5808.0,3872.0,3872.0,7744.0
12725.0,484.0,1.0,1.0,8.0,12.0,8.0,8.0,16.0,0.20000000000000168,0.8000000000000069,0.0,0.0,0.0,1.0,0.0,0.0,0.0,484.0,484.0,3872.0,5808.0,3872.0,3872.0,7744.0
12750.0,484.0,1.0,1.0,8.0,12.0,8.0,8.0,16.0,0.20000000000000168,0.8000000000000069,0.0,0.0,0.0,1.0,0.0,0.0,0.0,484.0,484.0,3872.0,5808.0,3872.0,3872.0,7744.0
12775.0,484.0,1.0,1.0,8.0,12.0,8.0,8.0,16.0,0.20000000000000168,0.8000000000000069,0.0,0.0,0.0,1.0,0.0,0.0,0.0,484.0,484.0,3872.0,5808.0,3872.0,3872.0,7744.0
12800.0,484.0,1.0,1.0,8.0,12.0,8.0,8.0,16.0,0.20000000000000168,0.8000000000000069,0.0,0.0,0.0,1.0,0.0,0.0,0.0,484.0,484.0,3872.0,5808.0,3872.0,3872.0,7744.0
12825.0,484.0,1.0,1.0,8.0,12.0,8.0,8.0,16.0,0.20000000000000168,0.8000000000000069,0.0,0.0,0.0,1.0,0.0,0.0,0.0,484.0,484.0,3872.0,5808.0,3872.0,3872.0,7744.0
12850.0,484.0,1.0,1.0,8.0,12.0,8.0,8.0,16.0,0.20000000000000168,0.8000000000000069,0.0,0.0,0.0,1.0,0.0,0.0,0.0,484.0,484.0,3872.0,5808.0,3872.0,3872.0,7744.0
12875.0,484.0,1.0,1.0,8.0,12.0,8.0,8.0,16.0,0.20000000000000168,0.8000000000000069,0.0,0.0,0.0,1.0,0.0,0.0,0.0,484.0,484.0,3872.0,5808.0,3872.0,3872.0,7744.0
12900.0,484.0,1.0,1.0,8.0,12.0,8.0,8.0,16.0,0.20000000000000168,0.8000000000000069,0.0,0.0,0.0,1.0,0.0,0.0,0.0,484.0,484.0,3872.0,5808.0,3872.0,3872.0,7744.0
12925.0,484.0,1.0,1.0,8.0,12.0,8.0,8.0,16.0,0.20000000000000168,0.8000000000000069,0.0,0.0,0.0,1.0,0.0,0.0,0.0,484.0,484.0,3872.0,5808.0,3872.0,3872.0,7744.0
12950.0,484.0,1.0,1.0,8.0,12.0,8.0,8.0,16.0,0.20000000000000168,0.8000000000000069,0.0,0.0,0.0,1.0,0.0,0.0,0.0,484.0,484.0,3872.0,5808.0,3872.0,3872.0,7744.0
12975.0,484.0,1.0,1.0,8.0,12.0,8.0,8.0,16.0,0.20000000000000168,0.8000000000000069,0.0,0.0,0.0,1.0,0.0,0.0,0.0,484.0,484.0,3872.0,5808.0,3872.0,3872.0,7744.0
13000.0,484.0,1.0,1.0,8.0,12.0,8.0,8.0,16.0,0.20000000000000168,0.8000000000000069,0.0,0.0,0.0,1.0,0.0,0.0,0.0,484.0,484.0,3872.0,5808.0,3872.0,3872.0,7744.0
13025.0,484.0,1.0,1.0,8.0,12.0,8.0,8.0,16.0,0.20000000000000168,0.8000000000000069,0.0,0.0,0.0,1.0,0.0,0.0,0.0,484.0,484.0,3872.0,5808.0,3872.0,3872.0,7744.0
13050.0,484.0,1.0,1.0,8.0,12.0,8.0,8.0,16.0,0.20000000000000168,0.8000000000000069,0.0,0.0,0.0,1.0,0.0,0.0,0.0,484.0,484.0,3872.0,5808.0,3872.0,3872.0,7744.0
13075.0,484.0,1.0,1.0,8.0,12.0,8.0,8.0,16.0,0.20000000000000168,0.8000000000000069,0.0,0.0,0.0,1.0,0.0,0.0,0.0,484.0,484.0,3872.0,5808.0,3872.0,3872.0,7744.0
13100.0,484.0,1.0,1.0,8.0,12.0,8.0,8.0,16.0,0.20000000000000168,0.8000000000000069,0.0,0.0,0.0,1.0,0.0,0.0,0.0,484.0,484.0,3872.0,5808.0,3872.0,3872.0,7744.0
13125.0,484.0,1.0,1.0,8.0,12.0,8.0,8.0,16.0,0.20000000000000168,0.8000000000000069,0.0,0.0,0.0,1.0,0.0,0.0,0.0,484.0,484.0,3872.0,5808.0,3872.0,3872.0,7744.0
13150.0,484.0,1.0,1.0,8.0,12.0,8.0,8.0,16.0,0.20000000000000168,0.8000000000000069,0.0,0.0,0.0,1.0,0.0,0.0,0.0,484.0,484.0,3872.0,5808.0,3872.0,3872.0,7744.0
13175.0,484.0,1.0,1.0,8.0,12.0,8.0,8.0,16.0,0.20000000000000168,0.8000000000000069,0.0,0.0,0.0,1.0,0.0,0.0,0.0,484.0,484.0,3872.0,5808.0,3872.0,3872.0,7744.0
13200.0,484.0,1.0,1.0,8.0,12.0,8.0,8.0,16.0,0.20000000000000168,0.8000000000000069,0.0,0.0,0.0,1.0,0.0,0.0,0.0,484.0,484.0,3872.0,5808.0,3872.0,3872.0,7744.0
13225.0,484.0,1.0,1.0,8.0,12.0,8.0,8.0,16.0,0.20000000000000168,0.8000000000000069,0.0,0.0,0.0,1.0,0.0,0.0,0.0,484.0,484.0,3872.0,5808.0,3872.0,3872.0,7744.0
13250.0,484.0,1.0,1.0,8.0,12.0,8.0,8.0,16.0,0.20000000000000168,0.8000000000000069,0.0,0.0,0.0,1.0,0.0,0.0,0.0,484.0,484.0,3872.0,5808.0,3872.0,3872.0,7744.0
13275.0,484.0,1.0,1.0,8.0,12.0,8.0,8.0,16.0,0.20000000000000168,0.8000000000000069,0.0,0.0,0.0,1.0,0.0,0.0,0.0,484.0,484.0,3872.0,5808.0,3872.0,3872.0,7744.0
13300.0,484.0,1.0,1.0,8.0,12.0,8.0,8.0,16.0,0.20000000000000168,0.8000000000000069,0.0,0.0,0.0,1.0,0.0,0.0,0.0,484.0,484.0,3872.0,5808.0,3872.0,3872.0,7744.0
13325.0,484.0,1.0,1.0,8.0,12.0,8.0,8.0,16.0,0.20000000000000168,0.8000000000000069,0.0,0.0,0.0,1.0,0.0,0.0,0.0,484.0,484.0,3872.0,5808.0,3872.0,3872.0,7744.0
13350.0,484.0,1.0,1.0,8.0,12.0,8.0,8.0,16.0,0.20000000000000168,0.8000000000000069,0.0,0.0,0.0,1.0,0.0,0.0,0.0,484.0,484.0,3872.0,5808.0,3872.0,3872.0,7744.0
13375.0,484.0,1.0,1.0,8.0,12.0,8.0,8.0,16.0,0.20000000000000168,0.8000000000000069,0.0,0.0,0.0,1.0,0.0,0.0,0.0,484.0,484.0,3872.0,5808.0,3872.0,3872.0,7744.0
13400.0,484.0,1.0,1.0,8.0,12.0,8.0,8.0,16.0,0.20000000000000168,0.8000000000000069,0.0,0.0,0.0,1.0,0.0,0.0,0.0,484.0,484.0,3872.0,5808.0,3872.0,3872.0,7744.0
13425.0,484.0,1.0,1.0,8.0,12.0,8.0,8.0,16.0,0.20000000000000168,0.8000000000000069,0.0,0.0,0.0,1.0,0.0,0.0,0.0,484.0,484.0,3872.0,5808.0,3872.0,3872.0,7744.0
13450.0,484.0,1.0,1.0,8.0,12.0,8.0,8.0,16.0,0.20000000000000168,0.8000000000000069,0.0,0.0,0.0,1.0,0.0,0.0,0.0,484.0,484.0,3872.0,5808.0,3872.0,3872.0,7744.0
13475.0,484.0,1.0,1.0,8.0,12.0,8.0,8.0,16.0,0.20000000000000168,0.8000000000000069,0.0,0.0,0.0,1.0,0.0,0.0,0.0,484.0,484.0,3872.0,5808.0,3872.0,3872.0,7744.0
13500.0,484.0,1.0,1.0,8.0,12.0,8.0,8.0,16.0,0.20000000000000168,0.8000000000000069,0.0,0.0,0.0,1.0,0.0,0.0,0.0,484.0,484.0,3872.0,5808.0,3872.0,3872.0,7744.0
13525.0,484.0,1.0,1.0,8.0,12.0,8.0,8.0,16.0,0.20000000000000168,0.8000000000000069,0.0,0.0,0.0,1.0,0.0,0.0,0.0,484.0,484.0,3872.0,5808.0,3872.0,3872.0,7744.0
13550.0,484.0,1.0,1.0,8.0,12.0,8.0,8.0,16.0,0.20000000000000168,0.8000000000000069,0.0,0.0,0.0,1.0,0.0,0.0,0.0,484.0,484.0,3872.0,5808.0,3872.0,3872.0,7744.0
13575.0,484.0,1.0,1.0,8.0,12.0,8.0,8.0,16.0,0.20000000000000168,0.8000000000000069,0.0,0.0,0.0,1.0,0.0,0.0,0.0,484.0,484.0,3872.0,5808.0,3872.0,3872.0,7744.0
13600.0,484.0,1.0,1.0,8.0,12.0,8.0,8.0,16.0,0.20000000000000168,0.8000000000000069,0.0,0.0,0.0,1.0,0.0,0.0,0.0,484.0,484.0,3872.0,5808.0,3872.0,3872.0,7744.0
13625.0,484.0,1.0,1.0,8.0,12.0,8.0,8.0,16.0,0.20000000000000168,0.8000000000000069,0.0,0.0,0.0,1.0,0.0,0.0,0.0,484.0,484.0,3872.0,5808.0,3872.0,3872.0,7744.0
13650.0,484.0,1.0,1.0,8.0,12.0,8.0,8.0,16.0,0.20000000000000168,0.8000000000000069,0.0,0.0,0.0,1.0,0.0,0.0,0.0,484.0,484.0,3872.0,5808.0,3872.0,3872.0,7744.0
13675.0,484.0,1.0,1.0,8.0,12.0,8.0,8.0,16.0,0.20000000000000168,0.8000000000000069,0.0,0.0,0.0,1.0,0.0,0.0,0.0,484.0,484.0,3872.0,5808.0,3872.0,3872.0,7744.0
13700.0,484.0,1.0,1.0,8.0,12.0,8.0,8.0,16.0,0.20000000000000168,0.8000000000000069,0.0,0.0,0.0,1.0,0.0,0.0,0.0,484.0,484.0,3872.0,5808.0,3872.0,3872.0,7744.0
13725.0,484.0,1.0,1.0,8.0,12.0,8.0,8.0,16.0,0.20000000000000168,0.8000000000000069,0.0,0.0,0.0,1.0,0.0,0.0,0.0,484.0,484.0,3872.0,5808.0,3872.0,3872.0,7744.0
13750.0,484.0,1.0,1.0,8.0,12.0,8.0,8.0,16.0,0.20000000000000168,0.8000000000000069,0.0,0.0,0.0,1.0,0.0,0.0,0.0,484.0,484.0,3872.0,5808.0,3872.0,3872.0,7744.0
13775.0,484.0,1.0,1.0,8.0,12.0,8.0,8.0,16.0,0.20000000000000168,0.8000000000000069,0.0,0.0,0.0,1.0,0.0,0.0,0.0,484.0,484.0,3872.0,5808.0,3872.0,3872.0,7744.0
13800.0,484.0,1.0,1.0,8.0,12.0,8.0,8.0,16.0,0.20000000000000168,0.8000000000000069,0.0,0.0,0.0,1.0,0.0,0.0,0.0,484.0,484.0,3872.0,5808.0,3872.0,3872.0,7744.0
13825.0,484.0,1.0,1.0,8.0,12.0,8.0,8.0,16.0,0.20000000000000168,0.8000000000000069,0.0,0.0,0.0,1.0,0.0,0.0,0.0,484.0,484.0,3872.0,5808.0,3872.0,3872.0,7744.0
13850.0,484.0,1.0,1.0,8.0,12.0,8.0,8.0,16.0,0.20000000000000168,0.8000000000000069,0.0,0.0,0.0,1.0,0.0,0.0,0.0,484.0,484.0,3872.0,5808.0,3872.0,3872.0,7744.0
13875.0,484.0,1.0,1.0,8.0,12.0,8.0,8.0,16.0,0.20000000000000168,0.8000000000000069,0.0,0.0,0.0,1.0,0.0,0.0,0.0,484.0,484.0,3872.0,5808.0,3872.0,3872.0,7744.0
13900.0,484.0,1.0,1.0,8.0,12.0,8.0,8.0,16.0,0.20000000000000168,0.8000000000000069,0.0,0.0,0.0,1.0,0.0,0.0,0.0,484.0,484.0,3872.0,5808.0,3872.0,3872.0,7744.0
13925.0,484.0,1.0,1.0,8.0,12.0,8.0,8.0,16.0,0.20000000000000168,0.8000000000000069,0.0,0.0,0.0,1.0,0.0,0.0,0.0,484.0,484.0,3872.0,5808.0,3872.0,3872.0,7744.0
13950.0,484.0,1.0,1.0,8.0,12.0,8.0,8.0,16.0,0.20000000000000168,0.8000000000000069,0.0,0.0,0.0,1.0,0.0,0.0,0.0,484.0,484.0,3872.0,5808.0,3872.0,3872.0,7744.0
13975.0,484.0,1.0,1.0,8.0,12.0,8.0,8.0,16.0,0.20000000000000168,0.8000000000000069,0.0,0.0,0.0,1.0,0.0,0.0,0.0,484.0,484.0,3872.0,5808.0,3872.0,3872.0,7744.0
14000.0,484.0,1.0,1.0,8.0,12.0,8.0,8.0,16.0,0.20000000000000168,0.8000000000000069,0.0,0.0,0.0,1.0,0.0,0.0,0.0,484.0,484.0,3872.0,5808.0,3872.0,3872.0,7744.0
14025.0,484.0,1.0,1.0,8.0,12.0,8.0,8.0,16.0,0.20000000000000168,0.8000000000000069,0.0,0.0,0.0,1.0,0.0,0.0,0.0,484.0,484.0,3872.0,5808.0,3872.0,3872.0,7744.0
14050.0,484.0,1.0,1.0,8.0,12.0,8.0,8.0,16.0,0.20000000000000168,0.8000000000000069,0.0,0.0,0.0,1.0,0.0,0.0,0.0,484.0,484.0,3872.0,5808.0,3872.0,3872.0,7744.0
14075.0,484.0,1.0,1.0,8.0,12.0,8.0,8.0,16.0,0.20000000000000168,0.8000000000000069,0.0,0.0,0.0,1.0,0.0,0.0,0.0,484.0,484.0,3872.0,5808.0,3872.0,3872.0,7744.0
14100.0,484.0,1.0,1.0,8.0,12.0,8.0,8.0,16.0,0.20000000000000168,0.8000000000000069,0.0,0.0,0.0,1.0,0.0,0.0,0.0,484.0,484.0,3872.0,5808.0,3872.0,3872.0,7744.0
14125.0,484.0,1.0,1.0,8.0,12.0,8.0,8.0,16.0,0.20000000000000168,0.8000000000000069,0.0,0.0,0.0,1.0,0.0,0.0,0.0,484.0,484.0,3872.0,5808.0,3872.0,3872.0,7744.0
14150.0,484.0,1.0,1.0,8.0,12.0,8.0,8.0,16.0,0.20000000000000168,0.8000000000000069,0.0,0.0,0.0,1.0,0.0,0.0,0.0,484.0,484.0,3872.0,5808.0,3872.0,3872.0,7744.0
14175.0,484.0,1.0,1.0,8.0,12.0,8.0,8.0,16.0,0.20000000000000168,0.8000000000000069,0.0,0.0,0.0,1.0,0.0,0.0,0.0,484.0,484.0,3872.0,5808.0,3872.0,3872.0,7744.0
14200.0,484.0,1.0,1.0,8.0,12.0,8.0,8.0,16.0,0.20000000000000168,0.8000000000000069,0.0,0.0,0.0,1.0,0.0,0.0,0.0,484.0,484.0,3872.0,5808.0,3872.0,3872.0,7744.0
14225.0,484.0,1.0,1.0,8.0,12.0,8.0,8.0,16.0,0.20000000000000168,0.8000000000000069,0.0,0.0,0.0,1.0,0.0,0.0,0.0,484.0,484.0,3872.0,5808.0,3872.0,3872.0,7744.0
14250.0,484.0,1.0,1.0,8.0,12.0,8.0,8.0,16.0,0.20000000000000168,0.8000000000000069,0.0,0.0,0.0,1.0,0.0,0.0,0.0,484.0,484.0,3872.0,5808.0,3872.0,3872.0,7744.0
14275.0,484.0,1.0,1.0,8.0,12.0,8.0,8.0,16.0,0.20000000000000168,0.8000000000000069,0.0,0.0,0.0,1.0,0.0,0.0,0.0,484.0,484.0,3872.0,5808.0,3872.0,3872.0,7744.0
14300.0,484.0,1.0,1.0,8.0,12.0,8.0,8.0,16.0,0.20000000000000168,0.8000000000000069,0.0,0.0,0.0,1.0,0.0,0.0,0.0,484.0,484.0,3872.0,5808.0,3872.0,3872.0,7744.0
14325.0,484.0,1.0,1.0,8.0,12.0,8.0,8.0,16.0,0.20000000000000168,0.8000000000000069,0.0,0.0,0.0,1.0,0.0,0.0,0.0,484.0,484.0,3872.0,5808.0,3872.0,3872.0,7744.0
14350.0,484.0,1.0,1.0,8.0,12.0,8.0,8.0,16.0,0.20000000000000168,0.8000000000000069,0.0,0.0,0.0,1.0,0.0,0.0,0.0,484.0,484.0,3872.0,5808.0,3872.0,3872.0,7744.0
14375.0,484.0,1.0,1.0,8.0,12.0,8.0,8.0,16.0,0.20000000000000168,0.8000000000000069,0.0,0.0,0.0,1.0,0.0,0.0,0.0,484.0,484.0,3872.0,5808.0,3872.0,3872.0,7744.0
14400.0,484.0,1.0,1.0,8.0,12.0,8.0,8.0,16.0,0.20000000000000168,0.8000000000000069,0.0,0.0,0.0,1.0,0.0,0.0,0.0,484.0,484.0,3872.0,5808.0,3872.0,3872.0,7744.0
14425.0,484.0,1.0,1.0,8.0,12.0,8.0,8.0,16.0,0.20000000000000168,0.8000000000000069,0.0,0.0,0.0,1.0,0.0,0.0,0.0,484.0,484.0,3872.0,5808.0,3872.0,3872.0,7744.0
14450.0,484.0,1.0,1.0,8.0,12.0,8.0,8.0,16.0,0.20000000000000168,0.8000000000000069,0.0,0.0,0.0,1.0,0.0,0.0,0.0,484.0,484.0,3872.0,5808.0,3872.0,3872.0,7744.0
14475.0,484.0,1.0,1.0,8.0,12.0,8.0,8.0,16.0,0.20000000000000168,0.8000000000000069,0.0,0.0,0.0,1.0,0.0,0.0,0.0,484.0,484.0,3872.0,5808.0,3872.0,3872.0,7744.0
14500.0,484.0,1.0,1.0,8.0,12.0,8.0,8.0,16.0,0.20000000000000168,0.8000000000000069,0.0,0.0,0.0,1.0,0.0,0.0,0.0,484.0,484.0,3872.0,5808.0,3872.0,3872.0,7744.0
14525.0,484.0,1.0,1.0,8.0,12.0,8.0,8.0,16.0,0.20000000000000168,0.8000000000000069,0.0,0.0,0.0,1.0,0.0,0.0,0.0,484.0,484.0,3872.0,5808.0,3872.0,3872.0,7744.0
14550.0,484.0,1.0,1.0,8.0,12.0,8.0,8.0,16.0,0.20000000000000168,0.8000000000000069,0.0,0.0,0.0,1.0,0.0,0.0,0.0,484.0,484.0,3872.0,5808.0,3872.0,3872.0,7744.0
14575.0,484.0,1.0,1.0,8.0,12.0,8.0,8.0,16.0,0.20000000000000168,0.8000000000000069,0.0,0.0,0.0,1.0,0.0,0.0,0.0,484.0,484.0,3872.0,5808.0,3872.0,3872.0,7744.0
14600.0,484.0,1.0,1.0,8.0,12.0,8.0,8.0,16.0,0.20000000000000168,0.8000000000000069,0.0,0.0,0.0,1.0,0.0,0.0,0.0,484.0,484.0,3872.0,5808.0,3872.0,3872.0,7744.0
14625.0,484.0,1.0,1.0,8.0,12.0,8.0,8.0,16.0,0.20000000000000168,0.8000000000000069,0.0,0.0,0.0,1.0,0.0,0.0,0.0,484.0,484.0,3872.0,5808.0,3872.0,3872.0,7744.0
14650.0,484.0,1.0,1.0,8.0,12.0,8.0,8.0,16.0,0.20000000000000168,0.8000000000000069,0.0,0.0,0.0,1.0,0.0,0.0,0.0,484.0,484.0,3872.0,5808.0,3872.0,3872.0,7744.0
14675.0,484.0,1.0,1.0,8.0,12.0,8.0,8.0,16.0,0.20000000000000168,0.8000000000000069,0.0,0.0,0.0,1.0,0.0,0.0,0.0,484.0,484.0,3872.0,5808.0,3872.0,3872.0,7744.0
14700.0,484.0,1.0,1.0,8.0,12.0,8.0,8.0,16.0,0.20000000000000168,0.8000000000000069,0.0,0.0,0.0,1.0,0.0,0.0,0.0,484.0,484.0,3872.0,5808.0,3872.0,3872.0,7744.0
14725.0,484.0,1.0,1.0,8.0,12.0,8.0,8.0,16.0,0.20000000000000168,0.8000000000000069,0.0,0.0,0.0,1.0,0.0,0.0,0.0,484.0,484.0,3872.0,5808.0,3872.0,3872.0,7744.0
14750.0,484.0,1.0,1.0,8.0,12.0,8.0,8.0,16.0,0.20000000000000168,0.8000000000000069,0.0,0.0,0.0,1.0,0.0,0.0,0.0,484.0,484.0,3872.0,5808.0,3872.0,3872.0,7744.0
14775.0,484.0,1.0,1.0,8.0,12.0,8.0,8.0,16.0,0.20000000000000168,0.8000000000000069,0.0,0.0,0.0,1.0,0.0,0.0,0.0,484.0,484.0,3872.0,5808.0,3872.0,3872.0,7744.0
14800.0,484.0,1.0,1.0,8.0,12.0,8.0,8.0,16.0,0.20000000000000168,0.8000000000000069,0.0,0.0,0.0,1.0,0.0,0.0,0.0,484.0,484.0,3872.0,5808.0,3872.0,3872.0,7744.0
14825.0,484.0,1.0,1.0,8.0,12.0,8.0,8.0,16.0,0.20000000000000168,0.8000000000000069,0.0,0.0,0.0,1.0,0.0,0.0,0.0,484.0,484.0,3872.0,5808.0,3872.0,3872.0,7744.0
14850.0,484.0,1.0,1.0,8.0,12.0,8.0,8.0,16.0,0.20000000000000168,0.8000000000000069,0.0,0.0,0.0,1.0,0.0,0.0,0.0,484.0,484.0,3872.0,5808.0,3872.0,3872.0,7744.0
14875.0,484.0,1.0,1.0,8.0,12.0,8.0,8.0,16.0,0.20000000000000168,0.8000000000000069,0.0,0.0,0.0,1.0,0.0,0.0,0.0,484.0,484.0,3872.0,5808.0,3872.0,3872.0,7744.0
14900.0,484.0,1.0,1.0,8.0,12.0,8.0,8.0,16.0,0.20000000000000168,0.8000000000000069,0.0,0.0,0.0,1.0,0.0,0.0,0.0,484.0,484.0,3872.0,5808.0,3872.0,3872.0,7744.0
14925.0,484.0,1.0,1.0,8.0,12.0,8.0,8.0,16.0,0.20000000000000168,0.8000000000000069,0.0,0.0,0.0,1.0,0.0,0.0,0.0,484.0,484.0,3872.0,5808.0,3872.0,3872.0,7744.0
14950.0,484.0,1.0,1.0,8.0,12.0,8.0,8.0,16.0,0.20000000000000168,0.8000000000000069,0.0,0.0,0.0,1.0,0.0,0.0,0.0,484.0,484.0,3872.0,5808.0,3872.0,3872.0,7744.0
14975.0,484.0,1.0,1.0,8.0,12.0,8.0,8.0,16.0,0.20000000000000168,0.8000000000000069,0.0,0.0,0.0,1.0,0.0,0.0,0.0,484.0,484.0,3872.0,5808.0,3872.0,3872.0,7744.0
15000.0,484.0,1.0,1.0,8.0,12.0,8.0,8.0,16.0,0.20000000000000168,0.8000000000000069,0.0,0.0,0.0,1.0,0.0,0.0,0.0,484.0,484.0,3872.0,5808.0,3872.0,3872.0,7744.0
15025.0,484.0,1.0,1.0,8.0,12.0,8.0,8.0,16.0,0.20000000000000168,0.8000000000000069,0.0,0.0,0.0,1.0,0.0,0.0,0.0,484.0,484.0,3872.0,5808.0,3872.0,3872.0,7744.0
15050.0,484.0,1.0,1.0,8.0,12.0,8.0,8.0,16.0,0.20000000000000168,0.8000000000000069,0.0,0.0,0.0,1.0,0.0,0.0,0.0,484.0,484.0,3872.0,5808.0,3872.0,3872.0,7744.0
15075.0,484.0,1.0,1.0,8.0,12.0,8.0,8.0,16.0,0.20000000000000168,0.8000000000000069,0.0,0.0,0.0,1.0,0.0,0.0,0.0,484.0,484.0,3872.0,5808.0,3872.0,3872.0,7744.0
15100.0,484.0,1.0,1.0,8.0,12.0,8.0,8.0,16.0,0.20000000000000168,0.8000000000000069,0.0,0.0,0.0,1.0,0.0,0.0,0.0,484.0,484.0,3872.0,5808.0,3872.0,3872.0,7744.0
15125.0,484.0,1.0,1.0,8.0,12.0,8.0,8.0,16.0,0.20000000000000168,0.8000000000000069,0.0,0.0,0.0,1.0,0.0,0.0,0.0,484.0,484.0,3872.0,5808.0,3872.0,3872.0,7744.0
15150.0,484.0,1.0,1.0,8.0,12.0,8.0,8.0,16.0,0.20000000000000168,0.8000000000000069,0.0,0.0,0.0,1.0,0.0,0.0,0.0,484.0,484.0,3872.0,5808.0,3872.0,3872.0,7744.0
15175.0,484.0,1.0,1.0,8.0,12.0,8.0,8.0,16.0,0.20000000000000168,0.8000000000000069,0.0,0.0,0.0,1.0,0.0,0.0,0.0,484.0,484.0,3872.0,5808.0,3872.0,3872.0,7744.0
15200.0,484.0,1.0,1.0,8.0,12.0,8.0,8.0,16.0,0.20000000000000168,0.8000000000000069,0.0,0.0,0.0,1.0,0.0,0.0,0.0,484.0,484.0,3872.0,5808.0,3872.0,3872.0,7744.0
15225.0,484.0,1.0,1.0,8.0,12.0,8.0,8.0,16.0,0.20000000000000168,0.8000000000000069,0.0,0.0,0.0,1.0,0.0,0.0,0.0,484.0,484.0,3872.0,5808.0,3872.0,3872.0,7744.0
15250.0,484.0,1.0,1.0,8.0,12.0,8.0,8.0,16.0,0.20000000000000168,0.8000000000000069,0.0,0.0,0.0,1.0,0.0,0.0,0.0,484.0,484.0,3872.0,5808.0,3872.0,3872.0,7744.0
15275.0,484.0,1.0,1.0,8.0,12.0,8.0,8.0,16.0,0.20000000000000168,0.8000000000000069,0.0,0.0,0.0,1.0,0.0,0.0,0.0,484.0,484.0,3872.0,5808.0,3872.0,3872.0,7744.0
15300.0,484.0,1.0,1.0,8.0,12.0,8.0,8.0,16.0,0.20000000000000168,0.8000000000000069,0.0,0.0,0.0,1.0,0.0,0.0,0.0,484.0,484.0,3872.0,5808.0,3872.0,3872.0,7744.0
15325.0,484.0,1.0,1.0,8.0,12.0,8.0,8.0,16.0,0.20000000000000168,0.8000000000000069,0.0,0.0,0.0,1.0,0.0,0.0,0.0,484.0,484.0,3872.0,5808.0,3872.0,3872.0,7744.0
15350.0,484.0,1.0,1.0,8.0,12.0,8.0,8.0,16.0,0.20000000000000168,0.8000000000000069,0.0,0.0,0.0,1.0,0.0,0.0,0.0,484.0,484.0,3872.0,5808.0,3872.0,3872.0,7744.0
15375.0,484.0,1.0,1.0,8.0,12.0,8.0,8.0,16.0,0.20000000000000168,0.8000000000000069,0.0,0.0,0.0,1.0,0.0,0.0,0.0,484.0,484.0,3872.0,5808.0,3872.0,3872.0,7744.0
15400.0,484.0,1.0,1.0,8.0,12.0,8.0,8.0,16.0,0.20000000000000168,0.8000000000000069,0.0,0.0,0.0,1.0,0.0,0.0,0.0,484.0,484.0,3872.0,5808.0,3872.0,3872.0,7744.0
15425.0,484.0,1.0,1.0,8.0,12.0,8.0,8.0,16.0,0.20000000000000168,0.8000000000000069,0.0,0.0,0.0,1.0,0.0,0.0,0.0,484.0,484.0,3872.0,5808.0,3872.0,3872.0,7744.0
15450.0,484.0,1.0,1.0,8.0,12.0,8.0,8.0,16.0,0.20000000000000168,0.8000000000000069,0.0,0.0,0.0,1.0,0.0,0.0,0.0,484.0,484.0,3872.0,5808.0,3872.0,3872.0,7744.0
15475.0,484.0,1.0,1.0,8.0,12.0,8.0,8.0,16.0,0.20000000000000168,0.8000000000000069,0.0,0.0,0.0,1.0,0.0,0.0,0.0,484.0,484.0,3872.0,5808.0,3872.0,3872.0,7744.0
15500.0,484.0,1.0,1.0,8.0,12.0,8.0,8.0,16.0,0.20000000000000168,0.8000000000000069,0.0,0.0,0.0,1.0,0.0,0.0,0.0,484.0,484.0,3872.0,5808.0,3872.0,3872.0,7744.0
15525.0,484.0,1.0,1.0,8.0,12.0,8.0,8.0,16.0,0.20000000000000168,0.8000000000000069,0.0,0.0,0.0,1.0,0.0,0.0,0.0,484.0,484.0,3872.0,5808.0,3872.0,3872.0,7744.0
15550.0,484.0,1.0,1.0,8.0,12.0,8.0,8.0,16.0,0.20000000000000168,0.8000000000000069,0.0,0.0,0.0,1.0,0.0,0.0,0.0,484.0,484.0,3872.0,5808.0,3872.0,3872.0,7744.0
15575.0,484.0,1.0,1.0,8.0,12.0,8.0,8.0,16.0,0.20000000000000168,0.8000000000000069,0.0,0.0,0.0,1.0,0.0,0.0,0.0,484.0,484.0,3872.0,5808.0,3872.0,3872.0,7744.0
15600.0,484.0,1.0,1.0,8.0,12.0,8.0,8.0,16.0,0.20000000000000168,0.8000000000000069,0.0,0.0,0.0,1.0,0.0,0.0,0.0,484.0,484.0,3872.0,5808.0,3872.0,3872.0,7744.0
15625.0,484.0,1.0,1.0,8.0,12.0,8.0,8.0,16.0,0.20000000000000168,0.8000000000000069,0.0,0.0,0.0,1.0,0.0,0.0,0.0,484.0,484.0,3872.0,5808.0,3872.0,3872.0,7744.0
15650.0,484.0,1.0,1.0,8.0,12.0,8.0,8.0,16.0,0.20000000000000168,0.8000000000000069,0.0,0.0,0.0,1.0,0.0,0.0,0.0,484.0,484.0,3872.0,5808.0,3872.0,3872.0,7744.0
15675.0,484.0,1.0,1.0,8.0,12.0,8.0,8.0,16.0,0.20000000000000168,0.8000000000000069,0.0,0.0,0.0,1.0,0.0,0.0,0.0,484.0,484.0,3872.0,5808.0,3872.0,3872.0,7744.0
15700.0,484.0,1.0,1.0,8.0,12.0,8.0,8.0,16.0,0.20000000000000168,0.8000000000000069,0.0,0.0,0.0,1.0,0.0,0.0,0.0,484.0,484.0,3872.0,5808.0,3872.0,3872.0,7744.0
15725.0,484.0,1.0,1.0,8.0,12.0,8.0,8.0,16.0,0.20000000000000168,0.8000000000000069,0.0,0.0,0.0,1.0,0.0,0.0,0.0,484.0,484.0,3872.0,5808.0,3872.0,3872.0,7744.0
15750.0,484.0,1.0,1.0,8.0,12.0,8.0,8.0,16.0,0.20000000000000168,0.8000000000000069,0.0,0.0,0.0,1.0,0.0,0.0,0.0,484.0,484.0,3872.0,5808.0,3872.0,3872.0,7744.0
15775.0,484.0,1.0,1.0,8.0,12.0,8.0,8.0,16.0,0.20000000000000168,0.8000000000000069,0.0,0.0,0.0,1.0,0.0,0.0,0.0,484.0,484.0,3872.0,5808.0,3872.0,3872.0,7744.0
15800.0,484.0,1.0,1.0,8.0,12.0,8.0,8.0,16.0,0.20000000000000168,0.8000000000000069,0.0,0.0,0.0,1.0,0.0,0.0,0.0,484.0,484.0,3872.0,5808.0,3872.0,3872.0,7744.0
15825.0,484.0,1.0,1.0,8.0,12.0,8.0,8.0,16.0,0.20000000000000168,0.8000000000000069,0.0,0.0,0.0,1.0,0.0,0.0,0.0,484.0,484.0,3872.0,5808.0,3872.0,3872.0,7744.0
15850.0,484.0,1.0,1.0,8.0,12.0,8.0,8.0,16.0,0.20000000000000168,0.8000000000000069,0.0,0.0,0.0,1.0,0.0,0.0,0.0,484.0,484.0,3872.0,5808.0,3872.0,3872.0,7744.0
15875.0,484.0,1.0,1.0,8.0,12.0,8.0,8.0,16.0,0.20000000000000168,0.8000000000000069,0.0,0.0,0.0,1.0,0.0,0.0,0.0,484.0,484.0,3872.0,5808.0,3872.0,3872.0,7744.0
15900.0,484.0,1.0,1.0,8.0,12.0,8.0,8.0,16.0,0.20000000000000168,0.8000000000000069,0.0,0.0,0.0,1.0,0.0,0.0,0.0,484.0,484.0,3872.0,5808.0,3872.0,3872.0,7744.0
15925.0,484.0,1.0,1.0,8.0,12.0,8.0,8.0,16.0,0.20000000000000168,0.8000000000000069,0.0,0.0,0.0,1.0,0.0,0.0,0.0,484.0,484.0,3872.0,5808.0,3872.0,3872.0,7744.0
15950.0,484.0,1.0,1.0,8.0,12.0,8.0,8.0,16.0,0.20000000000000168,0.8000000000000069,0.0,0.0,0.0,1.0,0.0,0.0,0.0,484.0,484.0,3872.0,5808.0,3872.0,3872.0,7744.0
15975.0,484.0,1.0,1.0,8.0,12.0,8.0,8.0,16.0,0.20000000000000168,0.8000000000000069,0.0,0.0,0.0,1.0,0.0,0.0,0.0,484.0,484.0,3872.0,5808.0,3872.0,3872.0,7744.0
16000.0,484.0,1.0,1.0,8.0,12.0,8.0,8.0,16.0,0.20000000000000168,0.8000000000000069,0.0,0.0,0.0,1.0,0.0,0.0,0.0,484.0,484.0,3872.0,5808.0,3872.0,3872.0,7744.0
16025.0,484.0,1.0,1.0,8.0,12.0,8.0,8.0,16.0,0.20000000000000168,0.8000000000000069,0.0,0.0,0.0,1.0,0.0,0.0,0.0,484.0,484.0,3872.0,5808.0,3872.0,3872.0,7744.0
16050.0,484.0,1.0,1.0,8.0,12.0,8.0,8.0,16.0,0.20000000000000168,0.8000000000000069,0.0,0.0,0.0,1.0,0.0,0.0,0.0,484.0,484.0,3872.0,5808.0,3872.0,3872.0,7744.0
16075.0,484.0,1.0,1.0,8.0,12.0,8.0,8.0,16.0,0.20000000000000168,0.8000000000000069,0.0,0.0,0.0,1.0,0.0,0.0,0.0,484.0,484.0,3872.0,5808.0,3872.0,3872.0,7744.0
16100.0,484.0,1.0,1.0,8.0,12.0,8.0,8.0,16.0,0.20000000000000168,0.8000000000000069,0.0,0.0,0.0,1.0,0.0,0.0,0.0,484.0,484.0,3872.0,5808.0,3872.0,3872.0,7744.0
16125.0,484.0,1.0,1.0,8.0,12.0,8.0,8.0,16.0,0.20000000000000168,0.8000000000000069,0.0,0.0,0.0,1.0,0.0,0.0,0.0,484.0,484.0,3872.0,5808.0,3872.0,3872.0,7744.0
16150.0,484.0,1.0,1.0,8.0,12.0,8.0,8.0,16.0,0.20000000000000168,0.8000000000000069,0.0,0.0,0.0,1.0,0.0,0.0,0.0,484.0,484.0,3872.0,5808.0,3872.0,3872.0,7744.0
16175.0,484.0,1.0,1.0,8.0,12.0,8.0,8.0,16.0,0.20000000000000168,0.8000000000000069,0.0,0.0,0.0,1.0,0.0,0.0,0.0,484.0,484.0,3872.0,5808.0,3872.0,3872.0,7744.0
16200.0,484.0,1.0,1.0,8.0,12.0,8.0,8.0,16.0,0.20000000000000168,0.8000000000000069,0.0,0.0,0.0,1.0,0.0,0.0,0.0,484.0,484.0,3872.0,5808.0,3872.0,3872.0,7744.0
16225.0,484.0,1.0,1.0,8.0,12.0,8.0,8.0,16.0,0.20000000000000168,0.8000000000000069,0.0,0.0,0.0,1.0,0.0,0.0,0.0,484.0,484.0,3872.0,5808.0,3872.0,3872.0,7744.0
16250.0,484.0,1.0,1.0,8.0,12.0,8.0,8.0,16.0,0.20000000000000168,0.8000000000000069,0.0,0.0,0.0,1.0,0.0,0.0,0.0,484.0,484.0,3872.0,5808.0,3872.0,3872.0,7744.0
16275.0,484.0,1.0,1.0,8.0,12.0,8.0,8.0,16.0,0.20000000000000168,0.8000000000000069,0.0,0.0,0.0,1.0,0.0,0.0,0.0,484.0,484.0,3872.0,5808.0,3872.0,3872.0,7744.0
16300.0,484.0,1.0,1.0,8.0,12.0,8.0,8.0,16.0,0.20000000000000168,0.8000000000000069,0.0,0.0,0.0,1.0,0.0,0.0,0.0,484.0,484.0,3872.0,5808.0,3872.0,3872.0,7744.0
16325.0,484.0,1.0,1.0,8.0,12.0,8.0,8.0,16.0,0.20000000000000168,0.8000000000000069,0.0,0.0,0.0,1.0,0.0,0.0,0.0,484.0,484.0,3872.0,5808.0,3872.0,3872.0,7744.0
16350.0,484.0,1.0,1.0,8.0,12.0,8.0,8.0,16.0,0.20000000000000168,0.8000000000000069,0.0,0.0,0.0,1.0,0.0,0.0,0.0,484.0,484.0,3872.0,5808.0,3872.0,3872.0,7744.0
16375.0,484.0,1.0,1.0,8.0,12.0,8.0,8.0,16.0,0.20000000000000168,0.8000000000000069,0.0,0.0,0.0,1.0,0.0,0.0,0.0,484.0,484.0,3872.0,5808.0,3872.0,3872.0,7744.0
16400.0,484.0,1.0,1.0,8.0,12.0,8.0,8.0,16.0,0.20000000000000168,0.8000000000000069,0.0,0.0,0.0,1.0,0.0,0.0,0.0,484.0,484.0,3872.0,5808.0,3872.0,3872.0,7744.0
16425.0,484.0,1.0,1.0,8.0,12.0,8.0,8.0,16.0,0.20000000000000168,0.8000000000000069,0.0,0.0,0.0,1.0,0.0,0.0,0.0,484.0,484.0,3872.0,5808.0,3872.0,3872.0,7744.0
16450.0,484.0,1.0,1.0,8.0,12.0,8.0,8.0,16.0,0.20000000000000168,0.8000000000000069,0.0,0.0,0.0,1.0,0.0,0.0,0.0,484.0,484.0,3872.0,5808.0,3872.0,3872.0,7744.0
16475.0,484.0,1.0,1.0,8.0,12.0,8.0,8.0,16.0,0.20000000000000168,0.8000000000000069,0.0,0.0,0.0,1.0,0.0,0.0,0.0,484.0,484.0,3872.0,5808.0,3872.0,3872.0,7744.0
16500.0,484.0,1.0,1.0,8.0,12.0,8.0,8.0,16.0,0.20000000000000168,0.8000000000000069,0.0,0.0,0.0,1.0,0.0,0.0,0.0,484.0,484.0,3872.0,5808.0,3872.0,3872.0,7744.0
16525.0,484.0,1.0,1.0,8.0,12.0,8.0,8.0,16.0,0.20000000000000168,0.8000000000000069,0.0,0.0,0.0,1.0,0.0,0.0,0.0,484.0,484.0,3872.0,5808.0,3872.0,3872.0,7744.0
16550.0,484.0,1.0,1.0,8.0,12.0,8.0,8.0,16.0,0.20000000000000168,0.8000000000000069,0.0,0.0,0.0,1.0,0.0,0.0,0.0,484.0,484.0,3872.0,5808.0,3872.0,3872.0,7744.0
16575.0,484.0,1.0,1.0,8.0,12.0,8.0,8.0,16.0,0.20000000000000168,0.8000000000000069,0.0,0.0,0.0,1.0,0.0,0.0,0.0,484.0,484.0,3872.0,5808.0,3872.0,3872.0,7744.0
16600.0,484.0,1.0,1.0,8.0,12.0,8.0,8.0,16.0,0.20000000000000168,0.8000000000000069,0.0,0.0,0.0,1.0,0.0,0.0,0.0,484.0,484.0,3872.0,5808.0,3872.0,3872.0,7744.0
16625.0,484.0,1.0,1.0,8.0,12.0,8.0,8.0,16.0,0.20000000000000168,0.8000000000000069,0.0,0.0,0.0,1.0,0.0,0.0,0.0,484.0,484.0,3872.0,5808.0,3872.0,3872.0,7744.0
16650.0,484.0,1.0,1.0,8.0,12.0,8.0,8.0,16.0,0.20000000000000168,0.8000000000000069,0.0,0.0,0.0,1.0,0.0,0.0,0.0,484.0,484.0,3872.0,5808.0,3872.0,3872.0,7744.0
16675.0,484.0,1.0,1.0,8.0,12.0,8.0,8.0,16.0,0.20000000000000168,0.8000000000000069,0.0,0.0,0.0,1.0,0.0,0.0,0.0,484.0,484.0,3872.0,5808.0,3872.0,3872.0,7744.0
16700.0,484.0,1.0,1.0,8.0,12.0,8.0,8.0,16.0,0.20000000000000168,0.8000000000000069,0.0,0.0,0.0,1.0,0.0,0.0,0.0,484.0,484.0,3872.0,5808.0,3872.0,3872.0,7744.0
16725.0,484.0,1.0,1.0,8.0,12.0,8.0,8.0,16.0,0.20000000000000168,0.8000000000000069,0.0,0.0,0.0,1.0,0.0,0.0,0.0,484.0,484.0,3872.0,5808.0,3872.0,3872.0,7744.0
16750.0,484.0,1.0,1.0,8.0,12.0,8.0,8.0,16.0,0.20000000000000168,0.8000000000000069,0.0,0.0,0.0,1.0,0.0,0.0,0.0,484.0,484.0,3872.0,5808.0,3872.0,3872.0,7744.0
16775.0,484.0,1.0,1.0,8.0,12.0,8.0,8.0,16.0,0.20000000000000168,0.8000000000000069,0.0,0.0,0.0,1.0,0.0,0.0,0.0,484.0,484.0,3872.0,5808.0,3872.0,3872.0,7744.0
16800.0,484.0,1.0,1.0,8.0,12.0,8.0,8.0,16.0,0.20000000000000168,0.8000000000000069,0.0,0.0,0.0,1.0,0.0,0.0,0.0,484.0,484.0,3872.0,5808.0,3872.0,3872.0,7744.0
16825.0,484.0,1.0,1.0,8.0,12.0,8.0,8.0,16.0,0.20000000000000168,0.8000000000000069,0.0,0.0,0.0,1.0,0.0,0.0,0.0,484.0,484.0,3872.0,5808.0,3872.0,3872.0,7744.0
16850.0,484.0,1.0,1.0,8.0,12.0,8.0,8.0,16.0,0.20000000000000168,0.8000000000000069,0.0,0.0,0.0,1.0,0.0,0.0,0.0,484.0,484.0,3872.0,5808.0,3872.0,3872.0,7744.0
16875.0,484.0,1.0,1.0,8.0,12.0,8.0,8.0,16.0,0.20000000000000168,0.8000000000000069,0.0,0.0,0.0,1.0,0.0,0.0,0.0,484.0,484.0,3872.0,5808.0,3872.0,3872.0,7744.0
16900.0,484.0,1.0,1.0,8.0,12.0,8.0,8.0,16.0,0.20000000000000168,0.8000000000000069,0.0,0.0,0.0,1.0,0.0,0.0,0.0,484.0,484.0,3872.0,5808.0,3872.0,3872.0,7744.0
16925.0,484.0,1.0,1.0,8.0,12.0,8.0,8.0,16.0,0.20000000000000168,0.8000000000000069,0.0,0.0,0.0,1.0,0.0,0.0,0.0,484.0,484.0,3872.0,5808.0,3872.0,3872.0,7744.0
16950.0,484.0,1.0,1.0,8.0,12.0,8.0,8.0,16.0,0.20000000000000168,0.8000000000000069,0.0,0.0,0.0,1.0,0.0,0.0,0.0,484.0,484.0,3872.0,5808.0,3872.0,3872.0,7744.0
16975.0,484.0,1.0,1.0,8.0,12.0,8.0,8.0,16.0,0.20000000000000168,0.8000000000000069,0.0,0.0,0.0,1.0,0.0,0.0,0.0,484.0,484.0,3872.0,5808.0,3872.0,3872.0,7744.0
17000.0,484.0,1.0,1.0,8.0,12.0,8.0,8.0,16.0,0.20000000000000168,0.8000000000000069,0.0,0.0,0.0,1.0,0.0,0.0,0.0,484.0,484.0,3872.0,5808.0,3872.0,3872.0,7744.0
17025.0,484.0,1.0,1.0,8.0,12.0,8.0,8.0,16.0,0.20000000000000168,0.8000000000000069,0.0,0.0,0.0,1.0,0.0,0.0,0.0,484.0,484.0,3872.0,5808.0,3872.0,3872.0,7744.0
17050.0,484.0,1.0,1.0,8.0,12.0,8.0,8.0,16.0,0.20000000000000168,0.8000000000000069,0.0,0.0,0.0,1.0,0.0,0.0,0.0,484.0,484.0,3872.0,5808.0,3872.0,3872.0,7744.0
17075.0,484.0,1.0,1.0,8.0,12.0,8.0,8.0,16.0,0.20000000000000168,0.8000000000000069,0.0,0.0,0.0,1.0,0.0,0.0,0.0,484.0,484.0,3872.0,5808.0,3872.0,3872.0,7744.0
17100.0,484.0,1.0,1.0,8.0,12.0,8.0,8.0,16.0,0.20000000000000168,0.8000000000000069,0.0,0.0,0.0,1.0,0.0,0.0,0.0,484.0,484.0,3872.0,5808.0,3872.0,3872.0,7744.0
17125.0,484.0,1.0,1.0,8.0,12.0,8.0,8.0,16.0,0.20000000000000168,0.8000000000000069,0.0,0.0,0.0,1.0,0.0,0.0,0.0,484.0,484.0,3872.0,5808.0,3872.0,3872.0,7744.0
17150.0,484.0,1.0,1.0,8.0,12.0,8.0,8.0,16.0,0.20000000000000168,0.8000000000000069,0.0,0.0,0.0,1.0,0.0,0.0,0.0,484.0,484.0,3872.0,5808.0,3872.0,3872.0,7744.0
17175.0,484.0,1.0,1.0,8.0,12.0,8.0,8.0,16.0,0.20000000000000168,0.8000000000000069,0.0,0.0,0.0,1.0,0.0,0.0,0.0,484.0,484.0,3872.0,5808.0,3872.0,3872.0,7744.0
17200.0,484.0,1.0,1.0,8.0,12.0,8.0,8.0,16.0,0.20000000000000168,0.8000000000000069,0.0,0.0,0.0,1.0,0.0,0.0,0.0,484.0,484.0,3872.0,5808.0,3872.0,3872.0,7744.0
17225.0,484.0,1.0,1.0,8.0,12.0,8.0,8.0,16.0,0.20000000000000168,0.8000000000000069,0.0,0.0,0.0,1.0,0.0,0.0,0.0,484.0,484.0,3872.0,5808.0,3872.0,3872.0,7744.0
17250.0,484.0,1.0,1.0,8.0,12.0,8.0,8.0,16.0,0.20000000000000168,0.8000000000000069,0.0,0.0,0.0,1.0,0.0,0.0,0.0,484.0,484.0,3872.0,5808.0,3872.0,3872.0,7744.0
17275.0,484.0,1.0,1.0,8.0,12.0,8.0,8.0,16.0,0.20000000000000168,0.8000000000000069,0.0,0.0,0.0,1.0,0.0,0.0,0.0,484.0,484.0,3872.0,5808.0,3872.0,3872.0,7744.0
17300.0,484.0,1.0,1.0,8.0,12.0,8.0,8.0,16.0,0.20000000000000168,0.8000000000000069,0.0,0.0,0.0,1.0,0.0,0.0,0.0,484.0,484.0,3872.0,5808.0,3872.0,3872.0,7744.0
17325.0,484.0,1.0,1.0,8.0,12.0,8.0,8.0,16.0,0.20000000000000168,0.8000000000000069,0.0,0.0,0.0,1.0,0.0,0.0,0.0,484.0,484.0,3872.0,5808.0,3872.0,3872.0,7744.0
17350.0,484.0,1.0,1.0,8.0,12.0,8.0,8.0,16.0,0.20000000000000168,0.8000000000000069,0.0,0.0,0.0,1.0,0.0,0.0,0.0,484.0,484.0,3872.0,5808.0,3872.0,3872.0,7744.0
17375.0,484.0,1.0,1.0,8.0,12.0,8.0,8.0,16.0,0.20000000000000168,0.8000000000000069,0.0,0.0,0.0,1.0,0.0,0.0,0.0,484.0,484.0,3872.0,5808.0,3872.0,3872.0,7744.0
17400.0,484.0,1.0,1.0,8.0,12.0,8.0,8.0,16.0,0.20000000000000168,0.8000000000000069,0.0,0.0,0.0,1.0,0.0,0.0,0.0,484.0,484.0,3872.0,5808.0,3872.0,3872.0,7744.0
17425.0,484.0,1.0,1.0,8.0,12.0,8.0,8.0,16.0,0.20000000000000168,0.8000000000000069,0.0,0.0,0.0,1.0,0.0,0.0,0.0,484.0,484.0,3872.0,5808.0,3872.0,3872.0,7744.0
17450.0,484.0,1.0,1.0,8.0,12.0,8.0,8.0,16.0,0.20000000000000168,0.8000000000000069,0.0,0.0,0.0,1.0,0.0,0.0,0.0,484.0,484.0,3872.0,5808.0,3872.0,3872.0,7744.0
17475.0,484.0,1.0,1.0,8.0,12.0,8.0,8.0,16.0,0.20000000000000168,0.8000000000000069,0.0,0.0,0.0,1.0,0.0,0.0,0.0,484.0,484.0,3872.0,5808.0,3872.0,3872.0,7744.0
17500.0,484.0,1.0,1.0,8.0,12.0,8.0,8.0,16.0,0.20000000000000168,0.8000000000000069,0.0,0.0,0.0,1.0,0.0,0.0,0.0,484.0,484.0,3872.0,5808.0,3872.0,3872.0,7744.0
17525.0,484.0,1.0,1.0,8.0,12.0,8.0,8.0,16.0,0.20000000000000168,0.8000000000000069,0.0,0.0,0.0,1.0,0.0,0.0,0.0,484.0,484.0,3872.0,5808.0,3872.0,3872.0,7744.0
17550.0,484.0,1.0,1.0,8.0,12.0,8.0,8.0,16.0,0.20000000000000168,0.8000000000000069,0.0,0.0,0.0,1.0,0.0,0.0,0.0,484.0,484.0,3872.0,5808.0,3872.0,3872.0,7744.0
17575.0,484.0,1.0,1.0,8.0,12.0,8.0,8.0,16.0,0.20000000000000168,0.8000000000000069,0.0,0.0,0.0,1.0,0.0,0.0,0.0,484.0,484.0,3872.0,5808.0,3872.0,3872.0,7744.0
17600.0,484.0,1.0,1.0,8.0,12.0,8.0,8.0,16.0,0.20000000000000168,0.8000000000000069,0.0,0.0,0.0,1.0,0.0,0.0,0.0,484.0,484.0,3872.0,5808.0,3872.0,3872.0,7744.0
17625.0,484.0,1.0,1.0,8.0,12.0,8.0,8.0,16.0,0.20000000000000168,0.8000000000000069,0.0,0.0,0.0,1.0,0.0,0.0,0.0,484.0,484.0,3872.0,5808.0,3872.0,3872.0,7744.0
17650.0,484.0,1.0,1.0,8.0,12.0,8.0,8.0,16.0,0.20000000000000168,0.8000000000000069,0.0,0.0,0.0,1.0,0.0,0.0,0.0,484.0,484.0,3872.0,5808.0,3872.0,3872.0,7744.0
17675.0,484.0,1.0,1.0,8.0,12.0,8.0,8.0,16.0,0.20000000000000168,0.8000000000000069,0.0,0.0,0.0,1.0,0.0,0.0,0.0,484.0,484.0,3872.0,5808.0,3872.0,3872.0,7744.0
17700.0,484.0,1.0,1.0,8.0,12.0,8.0,8.0,16.0,0.20000000000000168,0.8000000000000069,0.0,0.0,0.0,1.0,0.0,0.0,0.0,484.0,484.0,3872.0,5808.0,3872.0,3872.0,7744.0
17725.0,484.0,1.0,1.0,8.0,12.0,8.0,8.0,16.0,0.20000000000000168,0.8000000000000069,0.0,0.0,0.0,1.0,0.0,0.0,0.0,484.0,484.0,3872.0,5808.0,3872.0,3872.0,7744.0
17750.0,484.0,1.0,1.0,8.0,12.0,8.0,8.0,16.0,0.20000000000000168,0.8000000000000069,0.0,0.0,0.0,1.0,0.0,0.0,0.0,484.0,484.0,3872.0,5808.0,3872.0,3872.0,7744.0
17775.0,484.0,1.0,1.0,8.0,12.0,8.0,8.0,16.0,0.20000000000000168,0.8000000000000069,0.0,0.0,0.0,1.0,0.0,0.0,0.0,484.0,484.0,3872.0,5808.0,3872.0,3872.0,7744.0
17800.0,484.0,1.0,1.0,8.0,12.0,8.0,8.0,16.0,0.20000000000000168,0.8000000000000069,0.0,0.0,0.0,1.0,0.0,0.0,0.0,484.0,484.0,3872.0,5808.0,3872.0,3872.0,7744.0
17825.0,484.0,1.0,1.0,8.0,12.0,8.0,8.0,16.0,0.20000000000000168,0.8000000000000069,0.0,0.0,0.0,1.0,0.0,0.0,0.0,484.0,484.0,3872.0,5808.0,3872.0,3872.0,7744.0
17850.0,484.0,1.0,1.0,8.0,12.0,8.0,8.0,16.0,0.20000000000000168,0.8000000000000069,0.0,0.0,0.0,1.0,0.0,0.0,0.0,484.0,484.0,3872.0,5808.0,3872.0,3872.0,7744.0
17875.0,484.0,1.0,1.0,8.0,12.0,8.0,8.0,16.0,0.20000000000000168,0.8000000000000069,0.0,0.0,0.0,1.0,0.0,0.0,0.0,484.0,484.0,3872.0,5808.0,3872.0,3872.0,7744.0
17900.0,484.0,1.0,1.0,8.0,12.0,8.0,8.0,16.0,0.20000000000000168,0.8000000000000069,0.0,0.0,0.0,1.0,0.0,0.0,0.0,484.0,484.0,3872.0,5808.0,3872.0,3872.0,7744.0
17925.0,484.0,1.0,1.0,8.0,12.0,8.0,8.0,16.0,0.20000000000000168,0.8000000000000069,0.0,0.0,0.0,1.0,0.0,0.0,0.0,484.0,484.0,3872.0,5808.0,3872.0,3872.0,7744.0
17950.0,484.0,1.0,1.0,8.0,12.0,8.0,8.0,16.0,0.20000000000000168,0.8000000000000069,0.0,0.0,0.0,1.0,0.0,0.0,0.0,484.0,484.0,3872.0,5808.0,3872.0,3872.0,7744.0
17975.0,484.0,1.0,1.0,8.0,12.0,8.0,8.0,16.0,0.20000000000000168,0.8000000000000069,0.0,0.0,0.0,1.0,0.0,0.0,0.0,484.0,484.0,3872.0,5808.0,3872.0,3872.0,7744.0
18000.0,484.0,1.0,1.0,8.0,12.0,8.0,8.0,16.0,0.20000000000000168,0.8000000000000069,0.0,0.0,0.0,1.0,0.0,0.0,0.0,484.0,484.0,3872.0,5808.0,3872.0,3872.0,7744.0
18025.0,484.0,1.0,1.0,8.0,12.0,8.0,8.0,16.0,0.20000000000000168,0.8000000000000069,0.0,0.0,0.0,1.0,0.0,0.0,0.0,484.0,484.0,3872.0,5808.0,3872.0,3872.0,7744.0
18050.0,484.0,1.0,1.0,8.0,12.0,8.0,8.0,16.0,0.20000000000000168,0.8000000000000069,0.0,0.0,0.0,1.0,0.0,0.0,0.0,484.0,484.0,3872.0,5808.0,3872.0,3872.0,7744.0
18075.0,484.0,1.0,1.0,8.0,12.0,8.0,8.0,16.0,0.20000000000000168,0.8000000000000069,0.0,0.0,0.0,1.0,0.0,0.0,0.0,484.0,484.0,3872.0,5808.0,3872.0,3872.0,7744.0
18100.0,484.0,1.0,1.0,8.0,12.0,8.0,8.0,16.0,0.20000000000000168,0.8000000000000069,0.0,0.0,0.0,1.0,0.0,0.0,0.0,484.0,484.0,3872.0,5808.0,3872.0,3872.0,7744.0
18125.0,484.0,1.0,1.0,8.0,12.0,8.0,8.0,16.0,0.20000000000000168,0.8000000000000069,0.0,0.0,0.0,1.0,0.0,0.0,0.0,484.0,484.0,3872.0,5808.0,3872.0,3872.0,7744.0
18150.0,484.0,1.0,1.0,8.0,12.0,8.0,8.0,16.0,0.20000000000000168,0.8000000000000069,0.0,0.0,0.0,1.0,0.0,0.0,0.0,484.0,484.0,3872.0,5808.0,3872.0,3872.0,7744.0
18175.0,484.0,1.0,1.0,8.0,12.0,8.0,8.0,16.0,0.20000000000000168,0.8000000000000069,0.0,0.0,0.0,1.0,0.0,0.0,0.0,484.0,484.0,3872.0,5808.0,3872.0,3872.0,7744.0
18200.0,484.0,1.0,1.0,8.0,12.0,8.0,8.0,16.0,0.20000000000000168,0.8000000000000069,0.0,0.0,0.0,1.0,0.0,0.0,0.0,484.0,484.0,3872.0,5808.0,3872.0,3872.0,7744.0
18225.0,484.0,1.0,1.0,8.0,12.0,8.0,8.0,16.0,0.20000000000000168,0.8000000000000069,0.0,0.0,0.0,1.0,0.0,0.0,0.0,484.0,484.0,3872.0,5808.0,3872.0,3872.0,7744.0
18250.0,484.0,1.0,1.0,8.0,12.0,8.0,8.0,16.0,0.20000000000000168,0.8000000000000069,0.0,0.0,0.0,1.0,0.0,0.0,0.0,484.0,484.0,3872.0,5808.0,3872.0,3872.0,7744.0
18275.0,484.0,1.0,1.0,8.0,12.0,8.0,8.0,16.0,0.20000000000000168,0.8000000000000069,0.0,0.0,0.0,1.0,0.0,0.0,0.0,484.0,484.0,3872.0,5808.0,3872.0,3872.0,7744.0
18300.0,484.0,1.0,1.0,8.0,12.0,8.0,8.0,16.0,0.20000000000000168,0.8000000000000069,0.0,0.0,0.0,1.0,0.0,0.0,0.0,484.0,484.0,3872.0,5808.0,3872.0,3872.0,7744.0
18325.0,484.0,1.0,1.0,8.0,12.0,8.0,8.0,16.0,0.20000000000000168,0.8000000000000069,0.0,0.0,0.0,1.0,0.0,0.0,0.0,484.0,484.0,3872.0,5808.0,3872.0,3872.0,7744.0
18350.0,484.0,1.0,1.0,8.0,12.0,8.0,8.0,16.0,0.20000000000000168,0.8000000000000069,0.0,0.0,0.0,1.0,0.0,0.0,0.0,484.0,484.0,3872.0,5808.0,3872.0,3872.0,7744.0
18375.0,484.0,1.0,1.0,8.0,12.0,8.0,8.0,16.0,0.20000000000000168,0.8000000000000069,0.0,0.0,0.0,1.0,0.0,0.0,0.0,484.0,484.0,3872.0,5808.0,3872.0,3872.0,7744.0
18400.0,484.0,1.0,1.0,8.0,12.0,8.0,8.0,16.0,0.20000000000000168,0.8000000000000069,0.0,0.0,0.0,1.0,0.0,0.0,0.0,484.0,484.0,3872.0,5808.0,3872.0,3872.0,7744.0
18425.0,484.0,1.0,1.0,8.0,12.0,8.0,8.0,16.0,0.20000000000000168,0.8000000000000069,0.0,0.0,0.0,1.0,0.0,0.0,0.0,484.0,484.0,3872.0,5808.0,3872.0,3872.0,7744.0
18450.0,484.0,1.0,1.0,8.0,12.0,8.0,8.0,16.0,0.20000000000000168,0.8000000000000069,0.0,0.0,0.0,1.0,0.0,0.0,0.0,484.0,484.0,3872.0,5808.0,3872.0,3872.0,7744.0
18475.0,484.0,1.0,1.0,8.0,12.0,8.0,8.0,16.0,0.20000000000000168,0.8000000000000069,0.0,0.0,0.0,1.0,0.0,0.0,0.0,484.0,484.0,3872.0,5808.0,3872.0,3872.0,7744.0
18500.0,484.0,1.0,1.0,8.0,12.0,8.0,8.0,16.0,0.20000000000000168,0.8000000000000069,0.0,0.0,0.0,1.0,0.0,0.0,0.0,484.0,484.0,3872.0,5808.0,3872.0,3872.0,7744.0
18525.0,484.0,1.0,1.0,8.0,12.0,8.0,8.0,16.0,0.20000000000000168,0.8000000000000069,0.0,0.0,0.0,1.0,0.0,0.0,0.0,484.0,484.0,3872.0,5808.0,3872.0,3872.0,7744.0
18550.0,484.0,1.0,1.0,8.0,12.0,8.0,8.0,16.0,0.20000000000000168,0.8000000000000069,0.0,0.0,0.0,1.0,0.0,0.0,0.0,484.0,484.0,3872.0,5808.0,3872.0,3872.0,7744.0
18575.0,484.0,1.0,1.0,8.0,12.0,8.0,8.0,16.0,0.20000000000000168,0.8000000000000069,0.0,0.0,0.0,1.0,0.0,0.0,0.0,484.0,484.0,3872.0,5808.0,3872.0,3872.0,7744.0
18600.0,484.0,1.0,1.0,8.0,12.0,8.0,8.0,16.0,0.20000000000000168,0.8000000000000069,0.0,0.0,0.0,1.0,0.0,0.0,0.0,484.0,484.0,3872.0,5808.0,3872.0,3872.0,7744.0
18625.0,484.0,1.0,1.0,8.0,12.0,8.0,8.0,16.0,0.20000000000000168,0.8000000000000069,0.0,0.0,0.0,1.0,0.0,0.0,0.0,484.0,484.0,3872.0,5808.0,3872.0,3872.0,7744.0
18650.0,484.0,1.0,1.0,8.0,12.0,8.0,8.0,16.0,0.20000000000000168,0.8000000000000069,0.0,0.0,0.0,1.0,0.0,0.0,0.0,484.0,484.0,3872.0,5808.0,3872.0,3872.0,7744.0
18675.0,484.0,1.0,1.0,8.0,12.0,8.0,8.0,16.0,0.20000000000000168,0.8000000000000069,0.0,0.0,0.0,1.0,0.0,0.0,0.0,484.0,484.0,3872.0,5808.0,3872.0,3872.0,7744.0
18700.0,484.0,1.0,1.0,8.0,12.0,8.0,8.0,16.0,0.20000000000000168,0.8000000000000069,0.0,0.0,0.0,1.0,0.0,0.0,0.0,484.0,484.0,3872.0,5808.0,3872.0,3872.0,7744.0
18725.0,484.0,1.0,1.0,8.0,12.0,8.0,8.0,16.0,0.20000000000000168,0.8000000000000069,0.0,0.0,0.0,1.0,0.0,0.0,0.0,484.0,484.0,3872.0,5808.0,3872.0,3872.0,7744.0
18750.0,484.0,1.0,1.0,8.0,12.0,8.0,8.0,16.0,0.20000000000000168,0.8000000000000069,0.0,0.0,0.0,1.0,0.0,0.0,0.0,484.0,484.0,3872.0,5808.0,3872.0,3872.0,7744.0
18775.0,484.0,1.0,1.0,8.0,12.0,8.0,8.0,16.0,0.20000000000000168,0.8000000000000069,0.0,0.0,0.0,1.0,0.0,0.0,0.0,484.0,484.0,3872.0,5808.0,3872.0,3872.0,7744.0
18800.0,484.0,1.0,1.0,8.0,12.0,8.0,8.0,16.0,0.20000000000000168,0.8000000000000069,0.0,0.0,0.0,1.0,0.0,0.0,0.0,484.0,484.0,3872.0,5808.0,3872.0,3872.0,7744.0
18825.0,484.0,1.0,1.0,8.0,12.0,8.0,8.0,16.0,0.20000000000000168,0.8000000000000069,0.0,0.0,0.0,1.0,0.0,0.0,0.0,484.0,484.0,3872.0,5808.0,3872.0,3872.0,7744.0
18850.0,484.0,1.0,1.0,8.0,12.0,8.0,8.0,16.0,0.20000000000000168,0.8000000000000069,0.0,0.0,0.0,1.0,0.0,0.0,0.0,484.0,484.0,3872.0,5808.0,3872.0,3872.0,7744.0
18875.0,484.0,1.0,1.0,8.0,12.0,8.0,8.0,16.0,0.20000000000000168,0.8000000000000069,0.0,0.0,0.0,1.0,0.0,0.0,0.0,484.0,484.0,3872.0,5808.0,3872.0,3872.0,7744.0
18900.0,484.0,1.0,1.0,8.0,12.0,8.0,8.0,16.0,0.20000000000000168,0.8000000000000069,0.0,0.0,0.0,1.0,0.0,0.0,0.0,484.0,484.0,3872.0,5808.0,3872.0,3872.0,7744.0
18925.0,484.0,1.0,1.0,8.0,12.0,8.0,8.0,16.0,0.20000000000000168,0.8000000000000069,0.0,0.0,0.0,1.0,0.0,0.0,0.0,484.0,484.0,3872.0,5808.0,3872.0,3872.0,7744.0
18950.0,484.0,1.0,1.0,8.0,12.0,8.0,8.0,16.0,0.20000000000000168,0.8000000000000069,0.0,0.0,0.0,1.0,0.0,0.0,0.0,484.0,484.0,3872.0,5808.0,3872.0,3872.0,7744.0
18975.0,484.0,1.0,1.0,8.0,12.0,8.0,8.0,16.0,0.20000000000000168,0.8000000000000069,0.0,0.0,0.0,1.0,0.0,0.0,0.0,484.0,484.0,3872.0,5808.0,3872.0,3872.0,7744.0
19000.0,484.0,1.0,1.0,8.0,12.0,8.0,8.0,16.0,0.20000000000000168,0.8000000000000069,0.0,0.0,0.0,1.0,0.0,0.0,0.0,484.0,484.0,3872.0,5808.0,3872.0,3872.0,7744.0
19025.0,484.0,1.0,1.0,8.0,12.0,8.0,8.0,16.0,0.20000000000000168,0.8000000000000069,0.0,0.0,0.0,1.0,0.0,0.0,0.0,484.0,484.0,3872.0,5808.0,3872.0,3872.0,7744.0
19050.0,484.0,1.0,1.0,8.0,12.0,8.0,8.0,16.0,0.20000000000000168,0.8000000000000069,0.0,0.0,0.0,1.0,0.0,0.0,0.0,484.0,484.0,3872.0,5808.0,3872.0,3872.0,7744.0
19075.0,484.0,1.0,1.0,8.0,12.0,8.0,8.0,16.0,0.20000000000000168,0.8000000000000069,0.0,0.0,0.0,1.0,0.0,0.0,0.0,484.0,484.0,3872.0,5808.0,3872.0,3872.0,7744.0
19100.0,484.0,1.0,1.0,8.0,12.0,8.0,8.0,16.0,0.20000000000000168,0.8000000000000069,0.0,0.0,0.0,1.0,0.0,0.0,0.0,484.0,484.0,3872.0,5808.0,3872.0,3872.0,7744.0
19125.0,484.0,1.0,1.0,8.0,12.0,8.0,8.0,16.0,0.20000000000000168,0.8000000000000069,0.0,0.0,0.0,1.0,0.0,0.0,0.0,484.0,484.0,3872.0,5808.0,3872.0,3872.0,7744.0
19150.0,484.0,1.0,1.0,8.0,12.0,8.0,8.0,16.0,0.20000000000000168,0.8000000000000069,0.0,0.0,0.0,1.0,0.0,0.0,0.0,484.0,484.0,3872.0,5808.0,3872.0,3872.0,7744.0
19175.0,484.0,1.0,1.0,8.0,12.0,8.0,8.0,16.0,0.20000000000000168,0.8000000000000069,0.0,0.0,0.0,1.0,0.0,0.0,0.0,484.0,484.0,3872.0,5808.0,3872.0,3872.0,7744.0
19200.0,484.0,1.0,1.0,8.0,12.0,8.0,8.0,16.0,0.20000000000000168,0.8000000000000069,0.0,0.0,0.0,1.0,0.0,0.0,0.0,484.0,484.0,3872.0,5808.0,3872.0,3872.0,7744.0
19225.0,484.0,1.0,1.0,8.0,12.0,8.0,8.0,16.0,0.20000000000000168,0.8000000000000069,0.0,0.0,0.0,1.0,0.0,0.0,0.0,484.0,484.0,3872.0,5808.0,3872.0,3872.0,7744.0
19250.0,484.0,1.0,1.0,8.0,12.0,8.0,8.0,16.0,0.20000000000000168,0.8000000000000069,0.0,0.0,0.0,1.0,0.0,0.0,0.0,484.0,484.0,3872.0,5808.0,3872.0,3872.0,7744.0
19275.0,484.0,1.0,1.0,8.0,12.0,8.0,8.0,16.0,0.20000000000000168,0.8000000000000069,0.0,0.0,0.0,1.0,0.0,0.0,0.0,484.0,484.0,3872.0,5808.0,3872.0,3872.0,7744.0
19300.0,484.0,1.0,1.0,8.0,12.0,8.0,8.0,16.0,0.20000000000000168,0.8000000000000069,0.0,0.0,0.0,1.0,0.0,0.0,0.0,484.0,484.0,3872.0,5808.0,3872.0,3872.0,7744.0
19325.0,484.0,1.0,1.0,8.0,12.0,8.0,8.0,16.0,0.20000000000000168,0.8000000000000069,0.0,0.0,0.0,1.0,0.0,0.0,0.0,484.0,484.0,3872.0,5808.0,3872.0,3872.0,7744.0
19350.0,484.0,1.0,1.0,8.0,12.0,8.0,8.0,16.0,0.20000000000000168,0.8000000000000069,0.0,0.0,0.0,1.0,0.0,0.0,0.0,484.0,484.0,3872.0,5808.0,3872.0,3872.0,7744.0
19375.0,484.0,1.0,1.0,8.0,12.0,8.0,8.0,16.0,0.20000000000000168,0.8000000000000069,0.0,0.0,0.0,1.0,0.0,0.0,0.0,484.0,484.0,3872.0,5808.0,3872.0,3872.0,7744.0
19400.0,484.0,1.0,1.0,8.0,12.0,8.0,8.0,16.0,0.20000000000000168,0.8000000000000069,0.0,0.0,0.0,1.0,0.0,0.0,0.0,484.0,484.0,3872.0,5808.0,3872.0,3872.0,7744.0
19425.0,484.0,1.0,1.0,8.0,12.0,8.0,8.0,16.0,0.20000000000000168,0.8000000000000069,0.0,0.0,0.0,1.0,0.0,0.0,0.0,484.0,484.0,3872.0,5808.0,3872.0,3872.0,7744.0
19450.0,484.0,1.0,1.0,8.0,12.0,8.0,8.0,16.0,0.20000000000000168,0.8000000000000069,0.0,0.0,0.0,1.0,0.0,0.0,0.0,484.0,484.0,3872.0,5808.0,3872.0,3872.0,7744.0
19475.0,484.0,1.0,1.0,8.0,12.0,8.0,8.0,16.0,0.20000000000000168,0.8000000000000069,0.0,0.0,0.0,1.0,0.0,0.0,0.0,484.0,484.0,3872.0,5808.0,3872.0,3872.0,7744.0
19500.0,484.0,1.0,1.0,8.0,12.0,8.0,8.0,16.0,0.20000000000000168,0.8000000000000069,0.0,0.0,0.0,1.0,0.0,0.0,0.0,484.0,484.0,3872.0,5808.0,3872.0,3872.0,7744.0
19525.0,484.0,1.0,1.0,8.0,12.0,8.0,8.0,16.0,0.20000000000000168,0.8000000000000069,0.0,0.0,0.0,1.0,0.0,0.0,0.0,484.0,484.0,3872.0,5808.0,3872.0,3872.0,7744.0
19550.0,484.0,1.0,1.0,8.0,12.0,8.0,8.0,16.0,0.20000000000000168,0.8000000000000069,0.0,0.0,0.0,1.0,0.0,0.0,0.0,484.0,484.0,3872.0,5808.0,3872.0,3872.0,7744.0
19575.0,484.0,1.0,1.0,8.0,12.0,8.0,8.0,16.0,0.20000000000000168,0.8000000000000069,0.0,0.0,0.0,1.0,0.0,0.0,0.0,484.0,484.0,3872.0,5808.0,3872.0,3872.0,7744.0
19600.0,484.0,1.0,1.0,8.0,12.0,8.0,8.0,16.0,0.20000000000000168,0.8000000000000069,0.0,0.0,0.0,1.0,0.0,0.0,0.0,484.0,484.0,3872.0,5808.0,3872.0,3872.0,7744.0
19625.0,484.0,1.0,1.0,8.0,12.0,8.0,8.0,16.0,0.20000000000000168,0.8000000000000069,0.0,0.0,0.0,1.0,0.0,0.0,0.0,484.0,484.0,3872.0,5808.0,3872.0,3872.0,7744.0
19650.0,484.0,1.0,1.0,8.0,12.0,8.0,8.0,16.0,0.20000000000000168,0.8000000000000069,0.0,0.0,0.0,1.0,0.0,0.0,0.0,484.0,484.0,3872.0,5808.0,3872.0,3872.0,7744.0
19675.0,484.0,1.0,1.0,8.0,12.0,8.0,8.0,16.0,0.20000000000000168,0.8000000000000069,0.0,0.0,0.0,1.0,0.0,0.0,0.0,484.0,484.0,3872.0,5808.0,3872.0,3872.0,7744.0
19700.0,484.0,1.0,1.0,8.0,12.0,8.0,8.0,16.0,0.20000000000000168,0.8000000000000069,0.0,0.0,0.0,1.0,0.0,0.0,0.0,484.0,484.0,3872.0,5808.0,3872.0,3872.0,7744.0
19725.0,484.0,1.0,1.0,8.0,12.0,8.0,8.0,16.0,0.20000000000000168,0.8000000000000069,0.0,0.0,0.0,1.0,0.0,0.0,0.0,484.0,484.0,3872.0,5808.0,3872.0,3872.0,7744.0
19750.0,484.0,1.0,1.0,8.0,12.0,8.0,8.0,16.0,0.20000000000000168,0.8000000000000069,0.0,0.0,0.0,1.0,0.0,0.0,0.0,484.0,484.0,3872.0,5808.0,3872.0,3872.0,7744.0
19775.0,484.0,1.0,1.0,8.0,12.0,8.0,8.0,16.0,0.20000000000000168,0.8000000000000069,0.0,0.0,0.0,1.0,0.0,0.0,0.0,484.0,484.0,3872.0,5808.0,3872.0,3872.0,7744.0
19800.0,484.0,1.0,1.0,8.0,12.0,8.0,8.0,16.0,0.20000000000000168,0.8000000000000069,0.0,0.0,0.0,1.0,0.0,0.0,0.0,484.0,484.0,3872.0,5808.0,3872.0,3872.0,7744.0
19825.0,484.0,1.0,1.0,8.0,12.0,8.0,8.0,16.0,0.20000000000000168,0.8000000000000069,0.0,0.0,0.0,1.0,0.0,0.0,0.0,484.0,484.0,3872.0,5808.0,3872.0,3872.0,7744.0
19850.0,484.0,1.0,1.0,8.0,12.0,8.0,8.0,16.0,0.20000000000000168,0.8000000000000069,0.0,0.0,0.0,1.0,0.0,0.0,0.0,484.0,484.0,3872.0,5808.0,3872.0,3872.0,7744.0
19875.0,484.0,1.0,1.0,8.0,12.0,8.0,8.0,16.0,0.20000000000000168,0.8000000000000069,0.0,0.0,0.0,1.0,0.0,0.0,0.0,484.0,484.0,3872.0,5808.0,3872.0,3872.0,7744.0
19900.0,484.0,1.0,1.0,8.0,12.0,8.0,8.0,16.0,0.20000000000000168,0.8000000000000069,0.0,0.0,0.0,1.0,0.0,0.0,0.0,484.0,484.0,3872.0,5808.0,3872.0,3872.0,7744.0
19925.0,484.0,1.0,1.0,8.0,12.0,8.0,8.0,16.0,0.20000000000000168,0.8000000000000069,0.0,0.0,0.0,1.0,0.0,0.0,0.0,484.0,484.0,3872.0,5808.0,3872.0,3872.0,7744.0
19950.0,484.0,1.0,1.0,8.0,12.0,8.0,8.0,16.0,0.20000000000000168,0.8000000000000069,0.0,0.0,0.0,1.0,0.0,0.0,0.0,484.0,484.0,3872.0,5808.0,3872.0,3872.0,7744.0
19975.0,484.0,1.0,1.0,8.0,12.0,8.0,8.0,16.0,0.20000000000000168,0.8000000000000069,0.0,0.0,0.0,1.0,0.0,0.0,0.0,484.0,484.0,3872.0,5808.0,3872.0,3872.0,7744.0
20000.0,484.0,1.0,1.0,8.0,12.0,8.0,8.0,16.0,0.20000000000000168,0.8000000000000069,0.0,0.0,0.0,1.0,0.0,0.0,0.0,484.0,484.0,3872.0,5808.0,3872.0,3872.0,7744.0
20025.0,484.0,1.0,1.0,8.0,12.0,8.0,8.0,16.0,0.20000000000000168,0.8000000000000069,0.0,0.0,0.0,1.0,0.0,0.0,0.0,484.0,484.0,3872.0,5808.0,3872.0,3872.0,7744.0
20050.0,484.0,1.0,1.0,8.0,12.0,8.0,8.0,16.0,0.20000000000000168,0.8000000000000069,0.0,0.0,0.0,1.0,0.0,0.0,0.0,484.0,484.0,3872.0,5808.0,3872.0,3872.0,7744.0
20075.0,484.0,1.0,1.0,8.0,12.0,8.0,8.0,16.0,0.20000000000000168,0.8000000000000069,0.0,0.0,0.0,1.0,0.0,0.0,0.0,484.0,484.0,3872.0,5808.0,3872.0,3872.0,7744.0
20100.0,484.0,1.0,1.0,8.0,12.0,8.0,8.0,16.0,0.20000000000000168,0.8000000000000069,0.0,0.0,0.0,1.0,0.0,0.0,0.0,484.0,484.0,3872.0,5808.0,3872.0,3872.0,7744.0
20125.0,484.0,1.0,1.0,8.0,12.0,8.0,8.0,16.0,0.20000000000000168,0.8000000000000069,0.0,0.0,0.0,1.0,0.0,0.0,0.0,484.0,484.0,3872.0,5808.0,3872.0,3872.0,7744.0
20150.0,484.0,1.0,1.0,8.0,12.0,8.0,8.0,16.0,0.20000000000000168,0.8000000000000069,0.0,0.0,0.0,1.0,0.0,0.0,0.0,484.0,484.0,3872.0,5808.0,3872.0,3872.0,7744.0
20175.0,484.0,1.0,1.0,8.0,12.0,8.0,8.0,16.0,0.20000000000000168,0.8000000000000069,0.0,0.0,0.0,1.0,0.0,0.0,0.0,484.0,484.0,3872.0,5808.0,3872.0,3872.0,7744.0
20200.0,484.0,1.0,1.0,8.0,12.0,8.0,8.0,16.0,0.20000000000000168,0.8000000000000069,0.0,0.0,0.0,1.0,0.0,0.0,0.0,484.0,484.0,3872.0,5808.0,3872.0,3872.0,7744.0
20225.0,484.0,1.0,1.0,8.0,12.0,8.0,8.0,16.0,0.20000000000000168,0.8000000000000069,0.0,0.0,0.0,1.0,0.0,0.0,0.0,484.0,484.0,3872.0,5808.0,3872.0,3872.0,7744.0
20250.0,484.0,1.0,1.0,8.0,12.0,8.0,8.0,16.0,0.20000000000000168,0.8000000000000069,0.0,0.0,0.0,1.0,0.0,0.0,0.0,484.0,484.0,3872.0,5808.0,3872.0,3872.0,7744.0
20275.0,484.0,1.0,1.0,8.0,12.0,8.0,8.0,16.0,0.20000000000000168,0.8000000000000069,0.0,0.0,0.0,1.0,0.0,0.0,0.0,484.0,484.0,3872.0,5808.0,3872.0,3872.0,7744.0
20300.0,484.0,1.0,1.0,8.0,12.0,8.0,8.0,16.0,0.20000000000000168,0.8000000000000069,0.0,0.0,0.0,1.0,0.0,0.0,0.0,484.0,484.0,3872.0,5808.0,3872.0,3872.0,7744.0
20325.0,484.0,1.0,1.0,8.0,12.0,8.0,8.0,16.0,0.20000000000000168,0.8000000000000069,0.0,0.0,0.0,1.0,0.0,0.0,0.0,484.0,484.0,3872.0,5808.0,3872.0,3872.0,7744.0
20350.0,484.0,1.0,1.0,8.0,12.0,8.0,8.0,16.0,0.20000000000000168,0.8000000000000069,0.0,0.0,0.0,1.0,0.0,0.0,0.0,484.0,484.0,3872.0,5808.0,3872.0,3872.0,7744.0
20375.0,484.0,1.0,1.0,8.0,12.0,8.0,8.0,16.0,0.20000000000000168,0.8000000000000069,0.0,0.0,0.0,1.0,0.0,0.0,0.0,484.0,484.0,3872.0,5808.0,3872.0,3872.0,7744.0
20400.0,484.0,1.0,1.0,8.0,12.0,8.0,8.0,16.0,0.20000000000000168,0.8000000000000069,0.0,0.0,0.0,1.0,0.0,0.0,0.0,484.0,484.0,3872.0,5808.0,3872.0,3872.0,7744.0
20425.0,484.0,1.0,1.0,8.0,12.0,8.0,8.0,16.0,0.20000000000000168,0.8000000000000069,0.0,0.0,0.0,1.0,0.0,0.0,0.0,484.0,484.0,3872.0,5808.0,3872.0,3872.0,7744.0
20450.0,484.0,1.0,1.0,8.0,12.0,8.0,8.0,16.0,0.20000000000000168,0.8000000000000069,0.0,0.0,0.0,1.0,0.0,0.0,0.0,484.0,484.0,3872.0,5808.0,3872.0,3872.0,7744.0
20475.0,484.0,1.0,1.0,8.0,12.0,8.0,8.0,16.0,0.20000000000000168,0.8000000000000069,0.0,0.0,0.0,1.0,0.0,0.0,0.0,484.0,484.0,3872.0,5808.0,3872.0,3872.0,7744.0
20500.0,484.0,1.0,1.0,8.0,12.0,8.0,8.0,16.0,0.20000000000000168,0.8000000000000069,0.0,0.0,0.0,1.0,0.0,0.0,0.0,484.0,484.0,3872.0,5808.0,3872.0,3872.0,7744.0
20525.0,484.0,1.0,1.0,8.0,12.0,8.0,8.0,16.0,0.20000000000000168,0.8000000000000069,0.0,0.0,0.0,1.0,0.0,0.0,0.0,484.0,484.0,3872.0,5808.0,3872.0,3872.0,7744.0
20550.0,484.0,1.0,1.0,8.0,12.0,8.0,8.0,16.0,0.20000000000000168,0.8000000000000069,0.0,0.0,0.0,1.0,0.0,0.0,0.0,484.0,484.0,3872.0,5808.0,3872.0,3872.0,7744.0
20575.0,484.0,1.0,1.0,8.0,12.0,8.0,8.0,16.0,0.20000000000000168,0.8000000000000069,0.0,0.0,0.0,1.0,0.0,0.0,0.0,484.0,484.0,3872.0,5808.0,3872.0,3872.0,7744.0
20600.0,484.0,1.0,1.0,8.0,12.0,8.0,8.0,16.0,0.20000000000000168,0.8000000000000069,0.0,0.0,0.0,1.0,0.0,0.0,0.0,484.0,484.0,3872.0,5808.0,3872.0,3872.0,7744.0
20625.0,484.0,1.0,1.0,8.0,12.0,8.0,8.0,16.0,0.20000000000000168,0.8000000000000069,0.0,0.0,0.0,1.0,0.0,0.0,0.0,484.0,484.0,3872.0,5808.0,3872.0,3872.0,7744.0
20650.0,484.0,1.0,1.0,8.0,12.0,8.0,8.0,16.0,0.20000000000000168,0.8000000000000069,0.0,0.0,0.0,1.0,0.0,0.0,0.0,484.0,484.0,3872.0,5808.0,3872.0,3872.0,7744.0
20675.0,484.0,1.0,1.0,8.0,12.0,8.0,8.0,16.0,0.20000000000000168,0.8000000000000069,0.0,0.0,0.0,1.0,0.0,0.0,0.0,484.0,484.0,3872.0,5808.0,3872.0,3872.0,7744.0
20700.0,484.0,1.0,1.0,8.0,12.0,8.0,8.0,16.0,0.20000000000000168,0.8000000000000069,0.0,0.0,0.0,1.0,0.0,0.0,0.0,484.0,484.0,3872.0,5808.0,3872.0,3872.0,7744.0
20725.0,484.0,1.0,1.0,8.0,12.0,8.0,8.0,16.0,0.20000000000000168,0.8000000000000069,0.0,0.0,0.0,1.0,0.0,0.0,0.0,484.0,484.0,3872.0,5808.0,3872.0,3872.0,7744.0
20750.0,484.0,1.0,1.0,8.0,12.0,8.0,8.0,16.0,0.20000000000000168,0.8000000000000069,0.0,0.0,0.0,1.0,0.0,0.0,0.0,484.0,484.0,3872.0,5808.0,3872.0,3872.0,7744.0
20775.0,484.0,1.0,1.0,8.0,12.0,8.0,8.0,16.0,0.20000000000000168,0.8000000000000069,0.0,0.0,0.0,1.0,0.0,0.0,0.0,484.0,484.0,3872.0,5808.0,3872.0,3872.0,7744.0
20800.0,484.0,1.0,1.0,8.0,12.0,8.0,8.0,16.0,0.20000000000000168,0.8000000000000069,0.0,0.0,0.0,1.0,0.0,0.0,0.0,484.0,484.0,3872.0,5808.0,3872.0,3872.0,7744.0
20825.0,484.0,1.0,1.0,8.0,12.0,8.0,8.0,16.0,0.20000000000000168,0.8000000000000069,0.0,0.0,0.0,1.0,0.0,0.0,0.0,484.0,484.0,3872.0,5808.0,3872.0,3872.0,7744.0
20850.0,484.0,1.0,1.0,8.0,12.0,8.0,8.0,16.0,0.20000000000000168,0.8000000000000069,0.0,0.0,0.0,1.0,0.0,0.0,0.0,484.0,484.0,3872.0,5808.0,3872.0,3872.0,7744.0
20875.0,484.0,1.0,1.0,8.0,12.0,8.0,8.0,16.0,0.20000000000000168,0.8000000000000069,0.0,0.0,0.0,1.0,0.0,0.0,0.0,484.0,484.0,3872.0,5808.0,3872.0,3872.0,7744.0
20900.0,484.0,1.0,1.0,8.0,12.0,8.0,8.0,16.0,0.20000000000000168,0.8000000000000069,0.0,0.0,0.0,1.0,0.0,0.0,0.0,484.0,484.0,3872.0,5808.0,3872.0,3872.0,7744.0
20925.0,484.0,1.0,1.0,8.0,12.0,8.0,8.0,16.0,0.20000000000000168,0.8000000000000069,0.0,0.0,0.0,1.0,0.0,0.0,0.0,484.0,484.0,3872.0,5808.0,3872.0,3872.0,7744.0
20950.0,484.0,1.0,1.0,8.0,12.0,8.0,8.0,16.0,0.20000000000000168,0.8000000000000069,0.0,0.0,0.0,1.0,0.0,0.0,0.0,484.0,484.0,3872.0,5808.0,3872.0,3872.0,7744.0
20975.0,484.0,1.0,1.0,8.0,12.0,8.0,8.0,16.0,0.20000000000000168,0.8000000000000069,0.0,0.0,0.0,1.0,0.0,0.0,0.0,484.0,484.0,3872.0,5808.0,3872.0,3872.0,7744.0
21000.0,484.0,1.0,1.0,8.0,12.0,8.0,8.0,16.0,0.20000000000000168,0.8000000000000069,0.0,0.0,0.0,1.0,0.0,0.0,0.0,484.0,484.0,3872.0,5808.0,3872.0,3872.0,7744.0
21025.0,484.0,1.0,1.0,8.0,12.0,8.0,8.0,16.0,0.20000000000000168,0.8000000000000069,0.0,0.0,0.0,1.0,0.0,0.0,0.0,484.0,484.0,3872.0,5808.0,3872.0,3872.0,7744.0
21050.0,484.0,1.0,1.0,8.0,12.0,8.0,8.0,16.0,0.20000000000000168,0.8000000000000069,0.0,0.0,0.0,1.0,0.0,0.0,0.0,484.0,484.0,3872.0,5808.0,3872.0,3872.0,7744.0
21075.0,484.0,1.0,1.0,8.0,12.0,8.0,8.0,16.0,0.20000000000000168,0.8000000000000069,0.0,0.0,0.0,1.0,0.0,0.0,0.0,484.0,484.0,3872.0,5808.0,3872.0,3872.0,7744.0
21100.0,484.0,1.0,1.0,8.0,12.0,8.0,8.0,16.0,0.20000000000000168,0.8000000000000069,0.0,0.0,0.0,1.0,0.0,0.0,0.0,484.0,484.0,3872.0,5808.0,3872.0,3872.0,7744.0
21125.0,484.0,1.0,1.0,8.0,12.0,8.0,8.0,16.0,0.20000000000000168,0.8000000000000069,0.0,0.0,0.0,1.0,0.0,0.0,0.0,484.0,484.0,3872.0,5808.0,3872.0,3872.0,7744.0
21150.0,484.0,1.0,1.0,8.0,12.0,8.0,8.0,16.0,0.20000000000000168,0.8000000000000069,0.0,0.0,0.0,1.0,0.0,0.0,0.0,484.0,484.0,3872.0,5808.0,3872.0,3872.0,7744.0
21175.0,484.0,1.0,1.0,8.0,12.0,8.0,8.0,16.0,0.20000000000000168,0.8000000000000069,0.0,0.0,0.0,1.0,0.0,0.0,0.0,484.0,484.0,3872.0,5808.0,3872.0,3872.0,7744.0
21200.0,484.0,1.0,1.0,8.0,12.0,8.0,8.0,16.0,0.20000000000000168,0.8000000000000069,0.0,0.0,0.0,1.0,0.0,0.0,0.0,484.0,484.0,3872.0,5808.0,3872.0,3872.0,7744.0
21225.0,484.0,1.0,1.0,8.0,12.0,8.0,8.0,16.0,0.20000000000000168,0.8000000000000069,0.0,0.0,0.0,1.0,0.0,0.0,0.0,484.0,484.0,3872.0,5808.0,3872.0,3872.0,7744.0
21250.0,484.0,1.0,1.0,8.0,12.0,8.0,8.0,16.0,0.20000000000000168,0.8000000000000069,0.0,0.0,0.0,1.0,0.0,0.0,0.0,484.0,484.0,3872.0,5808.0,3872.0,3872.0,7744.0
21275.0,484.0,1.0,1.0,8.0,12.0,8.0,8.0,16.0,0.20000000000000168,0.8000000000000069,0.0,0.0,0.0,1.0,0.0,0.0,0.0,484.0,484.0,3872.0,5808.0,3872.0,3872.0,7744.0
21300.0,484.0,1.0,1.0,8.0,12.0,8.0,8.0,16.0,0.20000000000000168,0.8000000000000069,0.0,0.0,0.0,1.0,0.0,0.0,0.0,484.0,484.0,3872.0,5808.0,3872.0,3872.0,7744.0
21325.0,484.0,1.0,1.0,8.0,12.0,8.0,8.0,16.0,0.20000000000000168,0.8000000000000069,0.0,0.0,0.0,1.0,0.0,0.0,0.0,484.0,484.0,3872.0,5808.0,3872.0,3872.0,7744.0
21350.0,484.0,1.0,1.0,8.0,12.0,8.0,8.0,16.0,0.20000000000000168,0.8000000000000069,0.0,0.0,0.0,1.0,0.0,0.0,0.0,484.0,484.0,3872.0,5808.0,3872.0,3872.0,7744.0
21375.0,484.0,1.0,1.0,8.0,12.0,8.0,8.0,16.0,0.20000000000000168,0.8000000000000069,0.0,0.0,0.0,1.0,0.0,0.0,0.0,484.0,484.0,3872.0,5808.0,3872.0,3872.0,7744.0
21400.0,484.0,1.0,1.0,8.0,12.0,8.0,8.0,16.0,0.20000000000000168,0.8000000000000069,0.0,0.0,0.0,1.0,0.0,0.0,0.0,484.0,484.0,3872.0,5808.0,3872.0,3872.0,7744.0
21425.0,484.0,1.0,1.0,8.0,12.0,8.0,8.0,16.0,0.20000000000000168,0.8000000000000069,0.0,0.0,0.0,1.0,0.0,0.0,0.0,484.0,484.0,3872.0,5808.0,3872.0,3872.0,7744.0
21450.0,484.0,1.0,1.0,8.0,12.0,8.0,8.0,16.0,0.20000000000000168,0.8000000000000069,0.0,0.0,0.0,1.0,0.0,0.0,0.0,484.0,484.0,3872.0,5808.0,3872.0,3872.0,7744.0
21475.0,484.0,1.0,1.0,8.0,12.0,8.0,8.0,16.0,0.20000000000000168,0.8000000000000069,0.0,0.0,0.0,1.0,0.0,0.0,0.0,484.0,484.0,3872.0,5808.0,3872.0,3872.0,7744.0
21500.0,484.0,1.0,1.0,8.0,12.0,8.0,8.0,16.0,0.20000000000000168,0.8000000000000069,0.0,0.0,0.0,1.0,0.0,0.0,0.0,484.0,484.0,3872.0,5808.0,3872.0,3872.0,7744.0
21525.0,484.0,1.0,1.0,8.0,12.0,8.0,8.0,16.0,0.20000000000000168,0.8000000000000069,0.0,0.0,0.0,1.0,0.0,0.0,0.0,484.0,484.0,3872.0,5808.0,3872.0,3872.0,7744.0
21550.0,484.0,1.0,1.0,8.0,12.0,8.0,8.0,16.0,0.20000000000000168,0.8000000000000069,0.0,0.0,0.0,1.0,0.0,0.0,0.0,484.0,484.0,3872.0,5808.0,3872.0,3872.0,7744.0
21575.0,484.0,1.0,1.0,8.0,12.0,8.0,8.0,16.0,0.20000000000000168,0.8000000000000069,0.0,0.0,0.0,1.0,0.0,0.0,0.0,484.0,484.0,3872.0,5808.0,3872.0,3872.0,7744.0
21600.0,484.0,1.0,1.0,8.0,12.0,8.0,8.0,16.0,0.20000000000000168,0.8000000000000069,0.0,0.0,0.0,1.0,0.0,0.0,0.0,484.0,484.0,3872.0,5808.0,3872.0,3872.0,7744.0
21625.0,484.0,1.0,1.0,8.0,12.0,8.0,8.0,16.0,0.20000000000000168,0.8000000000000069,0.0,0.0,0.0,1.0,0.0,0.0,0.0,484.0,484.0,3872.0,5808.0,3872.0,3872.0,7744.0
21650.0,484.0,1.0,1.0,8.0,12.0,8.0,8.0,16.0,0.20000000000000168,0.8000000000000069,0.0,0.0,0.0,1.0,0.0,0.0,0.0,484.0,484.0,3872.0,5808.0,3872.0,3872.0,7744.0
21675.0,484.0,1.0,1.0,8.0,12.0,8.0,8.0,16.0,0.20000000000000168,0.8000000000000069,0.0,0.0,0.0,1.0,0.0,0.0,0.0,484.0,484.0,3872.0,5808.0,3872.0,3872.0,7744.0
21700.0,484.0,1.0,1.0,8.0,12.0,8.0,8.0,16.0,0.20000000000000168,0.8000000000000069,0.0,0.0,0.0,1.0,0.0,0.0,0.0,484.0,484.0,3872.0,5808.0,3872.0,3872.0,7744.0
21725.0,484.0,1.0,1.0,8.0,12.0,8.0,8.0,16.0,0.20000000000000168,0.8000000000000069,0.0,0.0,0.0,1.0,0.0,0.0,0.0,484.0,484.0,3872.0,5808.0,3872.0,3872.0,7744.0
21750.0,484.0,1.0,1.0,8.0,12.0,8.0,8.0,16.0,0.20000000000000168,0.8000000000000069,0.0,0.0,0.0,1.0,0.0,0.0,0.0,484.0,484.0,3872.0,5808.0,3872.0,3872.0,7744.0
21775.0,484.0,1.0,1.0,8.0,12.0,8.0,8.0,16.0,0.20000000000000168,0.8000000000000069,0.0,0.0,0.0,1.0,0.0,0.0,0.0,484.0,484.0,3872.0,5808.0,3872.0,3872.0,7744.0
21800.0,484.0,1.0,1.0,8.0,12.0,8.0,8.0,16.0,0.20000000000000168,0.8000000000000069,0.0,0.0,0.0,1.0,0.0,0.0,0.0,484.0,484.0,3872.0,5808.0,3872.0,3872.0,7744.0
21825.0,484.0,1.0,1.0,8.0,12.0,8.0,8.0,16.0,0.20000000000000168,0.8000000000000069,0.0,0.0,0.0,1.0,0.0,0.0,0.0,484.0,484.0,3872.0,5808.0,3872.0,3872.0,7744.0
21850.0,484.0,1.0,1.0,8.0,12.0,8.0,8.0,16.0,0.20000000000000168,0.8000000000000069,0.0,0.0,0.0,1.0,0.0,0.0,0.0,484.0,484.0,3872.0,5808.0,3872.0,3872.0,7744.0
21875.0,484.0,1.0,1.0,8.0,12.0,8.0,8.0,16.0,0.20000000000000168,0.8000000000000069,0.0,0.0,0.0,1.0,0.0,0.0,0.0,484.0,484.0,3872.0,5808.0,3872.0,3872.0,7744.0
21900.0,484.0,1.0,1.0,8.0,12.0,8.0,8.0,16.0,0.20000000000000168,0.8000000000000069,0.0,0.0,0.0,1.0,0.0,0.0,0.0,484.0,484.0,3872.0,5808.0,3872.0,3872.0,7744.0
21925.0,484.0,1.0,1.0,8.0,12.0,8.0,8.0,16.0,0.20000000000000168,0.8000000000000069,0.0,0.0,0.0,1.0,0.0,0.0,0.0,484.0,484.0,3872.0,5808.0,3872.0,3872.0,7744.0
21950.0,484.0,1.0,1.0,8.0,12.0,8.0,8.0,16.0,0.20000000000000168,0.8000000000000069,0.0,0.0,0.0,1.0,0.0,0.0,0.0,484.0,484.0,3872.0,5808.0,3872.0,3872.0,7744.0
21975.0,484.0,1.0,1.0,8.0,12.0,8.0,8.0,16.0,0.20000000000000168,0.8000000000000069,0.0,0.0,0.0,1.0,0.0,0.0,0.0,484.0,484.0,3872.0,5808.0,3872.0,3872.0,7744.0
22000.0,484.0,1.0,1.0,8.0,12.0,8.0,8.0,16.0,0.20000000000000168,0.8000000000000069,0.0,0.0,0.0,1.0,0.0,0.0,0.0,484.0,484.0,3872.0,5808.0,3872.0,3872.0,7744.0
22025.0,484.0,1.0,1.0,8.0,12.0,8.0,8.0,16.0,0.20000000000000168,0.8000000000000069,0.0,0.0,0.0,1.0,0.0,0.0,0.0,484.0,484.0,3872.0,5808.0,3872.0,3872.0,7744.0
22050.0,484.0,1.0,1.0,8.0,12.0,8.0,8.0,16.0,0.20000000000000168,0.8000000000000069,0.0,0.0,0.0,1.0,0.0,0.0,0.0,484.0,484.0,3872.0,5808.0,3872.0,3872.0,7744.0
22075.0,484.0,1.0,1.0,8.0,12.0,8.0,8.0,16.0,0.20000000000000168,0.8000000000000069,0.0,0.0,0.0,1.0,0.0,0.0,0.0,484.0,484.0,3872.0,5808.0,3872.0,3872.0,7744.0
22100.0,484.0,1.0,1.0,8.0,12.0,8.0,8.0,16.0,0.20000000000000168,0.8000000000000069,0.0,0.0,0.0,1.0,0.0,0.0,0.0,484.0,484.0,3872.0,5808.0,3872.0,3872.0,7744.0
22125.0,484.0,1.0,1.0,8.0,12.0,8.0,8.0,16.0,0.20000000000000168,0.8000000000000069,0.0,0.0,0.0,1.0,0.0,0.0,0.0,484.0,484.0,3872.0,5808.0,3872.0,3872.0,7744.0
22150.0,484.0,1.0,1.0,8.0,12.0,8.0,8.0,16.0,0.20000000000000168,0.8000000000000069,0.0,0.0,0.0,1.0,0.0,0.0,0.0,484.0,484.0,3872.0,5808.0,3872.0,3872.0,7744.0
22175.0,484.0,1.0,1.0,8.0,12.0,8.0,8.0,16.0,0.20000000000000168,0.8000000000000069,0.0,0.0,0.0,1.0,0.0,0.0,0.0,484.0,484.0,3872.0,5808.0,3872.0,3872.0,7744.0
22200.0,484.0,1.0,1.0,8.0,12.0,8.0,8.0,16.0,0.20000000000000168,0.8000000000000069,0.0,0.0,0.0,1.0,0.0,0.0,0.0,484.0,484.0,3872.0,5808.0,3872.0,3872.0,7744.0
22225.0,484.0,1.0,1.0,8.0,12.0,8.0,8.0,16.0,0.20000000000000168,0.8000000000000069,0.0,0.0,0.0,1.0,0.0,0.0,0.0,484.0,484.0,3872.0,5808.0,3872.0,3872.0,7744.0
22250.0,484.0,1.0,1.0,8.0,12.0,8.0,8.0,16.0,0.20000000000000168,0.8000000000000069,0.0,0.0,0.0,1.0,0.0,0.0,0.0,484.0,484.0,3872.0,5808.0,3872.0,3872.0,7744.0
22275.0,484.0,1.0,1.0,8.0,12.0,8.0,8.0,16.0,0.20000000000000168,0.8000000000000069,0.0,0.0,0.0,1.0,0.0,0.0,0.0,484.0,484.0,3872.0,5808.0,3872.0,3872.0,7744.0
22300.0,484.0,1.0,1.0,8.0,12.0,8.0,8.0,16.0,0.20000000000000168,0.8000000000000069,0.0,0.0,0.0,1.0,0.0,0.0,0.0,484.0,484.0,3872.0,5808.0,3872.0,3872.0,7744.0
22325.0,484.0,1.0,1.0,8.0,12.0,8.0,8.0,16.0,0.20000000000000168,0.8000000000000069,0.0,0.0,0.0,1.0,0.0,0.0,0.0,484.0,484.0,3872.0,5808.0,3872.0,3872.0,7744.0
22350.0,484.0,1.0,1.0,8.0,12.0,8.0,8.0,16.0,0.20000000000000168,0.8000000000000069,0.0,0.0,0.0,1.0,0.0,0.0,0.0,484.0,484.0,3872.0,5808.0,3872.0,3872.0,7744.0
22375.0,484.0,1.0,1.0,8.0,12.0,8.0,8.0,16.0,0.20000000000000168,0.8000000000000069,0.0,0.0,0.0,1.0,0.0,0.0,0.0,484.0,484.0,3872.0,5808.0,3872.0,3872.0,7744.0
22400.0,484.0,1.0,1.0,8.0,12.0,8.0,8.0,16.0,0.20000000000000168,0.8000000000000069,0.0,0.0,0.0,1.0,0.0,0.0,0.0,484.0,484.0,3872.0,5808.0,3872.0,3872.0,7744.0
22425.0,484.0,1.0,1.0,8.0,12.0,8.0,8.0,16.0,0.20000000000000168,0.8000000000000069,0.0,0.0,0.0,1.0,0.0,0.0,0.0,484.0,484.0,3872.0,5808.0,3872.0,3872.0,7744.0
22450.0,484.0,1.0,1.0,8.0,12.0,8.0,8.0,16.0,0.20000000000000168,0.8000000000000069,0.0,0.0,0.0,1.0,0.0,0.0,0.0,484.0,484.0,3872.0,5808.0,3872.0,3872.0,7744.0
22475.0,484.0,1.0,1.0,8.0,12.0,8.0,8.0,16.0,0.20000000000000168,0.8000000000000069,0.0,0.0,0.0,1.0,0.0,0.0,0.0,484.0,484.0,3872.0,5808.0,3872.0,3872.0,7744.0
22500.0,484.0,1.0,1.0,8.0,12.0,8.0,8.0,16.0,0.20000000000000168,0.8000000000000069,0.0,0.0,0.0,1.0,0.0,0.0,0.0,484.0,484.0,3872.0,5808.0,3872.0,3872.0,7744.0
22525.0,484.0,1.0,1.0,8.0,12.0,8.0,8.0,16.0,0.20000000000000168,0.8000000000000069,0.0,0.0,0.0,1.0,0.0,0.0,0.0,484.0,484.0,3872.0,5808.0,3872.0,3872.0,7744.0
22550.0,484.0,1.0,1.0,8.0,12.0,8.0,8.0,16.0,0.20000000000000168,0.8000000000000069,0.0,0.0,0.0,1.0,0.0,0.0,0.0,484.0,484.0,3872.0,5808.0,3872.0,3872.0,7744.0
22575.0,484.0,1.0,1.0,8.0,12.0,8.0,8.0,16.0,0.20000000000000168,0.8000000000000069,0.0,0.0,0.0,1.0,0.0,0.0,0.0,484.0,484.0,3872.0,5808.0,3872.0,3872.0,7744.0
22600.0,484.0,1.0,1.0,8.0,12.0,8.0,8.0,16.0,0.20000000000000168,0.8000000000000069,0.0,0.0,0.0,1.0,0.0,0.0,0.0,484.0,484.0,3872.0,5808.0,3872.0,3872.0,7744.0
22625.0,484.0,1.0,1.0,8.0,12.0,8.0,8.0,16.0,0.20000000000000168,0.8000000000000069,0.0,0.0,0.0,1.0,0.0,0.0,0.0,484.0,484.0,3872.0,5808.0,3872.0,3872.0,7744.0
22650.0,484.0,1.0,1.0,8.0,12.0,8.0,8.0,16.0,0.20000000000000168,0.8000000000000069,0.0,0.0,0.0,1.0,0.0,0.0,0.0,484.0,484.0,3872.0,5808.0,3872.0,3872.0,7744.0
22675.0,484.0,1.0,1.0,8.0,12.0,8.0,8.0,16.0,0.20000000000000168,0.8000000000000069,0.0,0.0,0.0,1.0,0.0,0.0,0.0,484.0,484.0,3872.0,5808.0,3872.0,3872.0,7744.0
22700.0,484.0,1.0,1.0,8.0,12.0,8.0,8.0,16.0,0.20000000000000168,0.8000000000000069,0.0,0.0,0.0,1.0,0.0,0.0,0.0,484.0,484.0,3872.0,5808.0,3872.0,3872.0,7744.0
22725.0,484.0,1.0,1.0,8.0,12.0,8.0,8.0,16.0,0.20000000000000168,0.8000000000000069,0.0,0.0,0.0,1.0,0.0,0.0,0.0,484.0,484.0,3872.0,5808.0,3872.0,3872.0,7744.0
22750.0,484.0,1.0,1.0,8.0,12.0,8.0,8.0,16.0,0.20000000000000168,0.8000000000000069,0.0,0.0,0.0,1.0,0.0,0.0,0.0,484.0,484.0,3872.0,5808.0,3872.0,3872.0,7744.0
22775.0,484.0,1.0,1.0,8.0,12.0,8.0,8.0,16.0,0.20000000000000168,0.8000000000000069,0.0,0.0,0.0,1.0,0.0,0.0,0.0,484.0,484.0,3872.0,5808.0,3872.0,3872.0,7744.0
22800.0,484.0,1.0,1.0,8.0,12.0,8.0,8.0,16.0,0.20000000000000168,0.8000000000000069,0.0,0.0,0.0,1.0,0.0,0.0,0.0,484.0,484.0,3872.0,5808.0,3872.0,3872.0,7744.0
22825.0,484.0,1.0,1.0,8.0,12.0,8.0,8.0,16.0,0.20000000000000168,0.8000000000000069,0.0,0.0,0.0,1.0,0.0,0.0,0.0,484.0,484.0,3872.0,5808.0,3872.0,3872.0,7744.0
22850.0,484.0,1.0,1.0,8.0,12.0,8.0,8.0,16.0,0.20000000000000168,0.8000000000000069,0.0,0.0,0.0,1.0,0.0,0.0,0.0,484.0,484.0,3872.0,5808.0,3872.0,3872.0,7744.0
22875.0,484.0,1.0,1.0,8.0,12.0,8.0,8.0,16.0,0.20000000000000168,0.8000000000000069,0.0,0.0,0.0,1.0,0.0,0.0,0.0,484.0,484.0,3872.0,5808.0,3872.0,3872.0,7744.0
22900.0,484.0,1.0,1.0,8.0,12.0,8.0,8.0,16.0,0.20000000000000168,0.8000000000000069,0.0,0.0,0.0,1.0,0.0,0.0,0.0,484.0,484.0,3872.0,5808.0,3872.0,3872.0,7744.0
22925.0,484.0,1.0,1.0,8.0,12.0,8.0,8.0,16.0,0.20000000000000168,0.8000000000000069,0.0,0.0,0.0,1.0,0.0,0.0,0.0,484.0,484.0,3872.0,5808.0,3872.0,3872.0,7744.0
22950.0,484.0,1.0,1.0,8.0,12.0,8.0,8.0,16.0,0.20000000000000168,0.8000000000000069,0.0,0.0,0.0,1.0,0.0,0.0,0.0,484.0,484.0,3872.0,5808.0,3872.0,3872.0,7744.0
22975.0,484.0,1.0,1.0,8.0,12.0,8.0,8.0,16.0,0.20000000000000168,0.8000000000000069,0.0,0.0,0.0,1.0,0.0,0.0,0.0,484.0,484.0,3872.0,5808.0,3872.0,3872.0,7744.0
23000.0,484.0,1.0,1.0,8.0,12.0,8.0,8.0,16.0,0.20000000000000168,0.8000000000000069,0.0,0.0,0.0,1.0,0.0,0.0,0.0,484.0,484.0,3872.0,5808.0,3872.0,3872.0,7744.0
23025.0,484.0,1.0,1.0,8.0,12.0,8.0,8.0,16.0,0.20000000000000168,0.8000000000000069,0.0,0.0,0.0,1.0,0.0,0.0,0.0,484.0,484.0,3872.0,5808.0,3872.0,3872.0,7744.0
23050.0,484.0,1.0,1.0,8.0,12.0,8.0,8.0,16.0,0.20000000000000168,0.8000000000000069,0.0,0.0,0.0,1.0,0.0,0.0,0.0,484.0,484.0,3872.0,5808.0,3872.0,3872.0,7744.0
23075.0,484.0,1.0,1.0,8.0,12.0,8.0,8.0,16.0,0.20000000000000168,0.8000000000000069,0.0,0.0,0.0,1.0,0.0,0.0,0.0,484.0,484.0,3872.0,5808.0,3872.0,3872.0,7744.0
23100.0,484.0,1.0,1.0,8.0,12.0,8.0,8.0,16.0,0.20000000000000168,0.8000000000000069,0.0,0.0,0.0,1.0,0.0,0.0,0.0,484.0,484.0,3872.0,5808.0,3872.0,3872.0,7744.0
23125.0,484.0,1.0,1.0,8.0,12.0,8.0,8.0,16.0,0.20000000000000168,0.8000000000000069,0.0,0.0,0.0,1.0,0.0,0.0,0.0,484.0,484.0,3872.0,5808.0,3872.0,3872.0,7744.0
23150.0,484.0,1.0,1.0,8.0,12.0,8.0,8.0,16.0,0.20000000000000168,0.8000000000000069,0.0,0.0,0.0,1.0,0.0,0.0,0.0,484.0,484.0,3872.0,5808.0,3872.0,3872.0,7744.0
23175.0,484.0,1.0,1.0,8.0,12.0,8.0,8.0,16.0,0.20000000000000168,0.8000000000000069,0.0,0.0,0.0,1.0,0.0,0.0,0.0,484.0,484.0,3872.0,5808.0,3872.0,3872.0,7744.0
23200.0,484.0,1.0,1.0,8.0,12.0,8.0,8.0,16.0,0.20000000000000168,0.8000000000000069,0.0,0.0,0.0,1.0,0.0,0.0,0.0,484.0,484.0,3872.0,5808.0,3872.0,3872.0,7744.0
